行为时间,DAU,语音房人数,语音房渗透率,充值人数,充值金额日元,大盘充值率,语音房充值率,ARPU(日元),ARPPU(日元),充值金额（美金）,充值星粒数,每星粒价值X日元
2023/1/1,110800,16125,14.55%,395,1766230,0.36%,2.45%,15.94,4471.47,12187.62,475590,3.714
2023/1/2,110117,17059,15.49%,341,1112670,0.31%,2.00%,10.1,3262.96,7677.82,299160,3.719
2023/1/3,111611,18631,16.69%,335,1116380,0.30%,1.80%,10,3332.48,7703.42,301590,3.702
2023/1/4,112012,19389,17.31%,312,1245750,0.28%,1.61%,11.12,3992.79,8596.12,336670,3.7
2023/1/5,112281,19584,17.44%,422,1172680,0.38%,2.15%,10.44,2778.86,8091.91,315310,3.719
2023/1/6,114071,19613,17.19%,325,1091150,0.28%,1.66%,9.57,3357.38,7529.33,292070,3.736
2023/1/7,114835,20174,17.57%,277,746840,0.24%,1.37%,6.5,2696.17,5153.46,199640,3.741
2023/1/8,115557,20224,17.50%,290,536710,0.25%,1.43%,4.64,1850.72,3703.49,144220,3.721
2023/1/9,117586,21076,17.92%,277,638690,0.24%,1.31%,5.43,2305.74,4407.19,171290,3.729
2023/1/10,116390,20043,17.22%,304,1104970,0.26%,1.52%,9.49,3634.77,7624.69,297930,3.709
2023/1/11,116662,19901,17.06%,245,604090,0.21%,1.23%,5.18,2465.67,4168.44,162660,3.714
2023/1/12,115197,20094,17.44%,360,1134870,0.31%,1.79%,9.85,3152.42,7831.01,305250,3.718
2023/1/13,117564,20474,17.42%,372,952690,0.32%,1.82%,8.1,2560.99,6573.9,257010,3.707
2023/1/14,116702,21290,18.24%,337,925820,0.29%,1.58%,7.93,2747.24,6388.49,248770,3.722
2023/1/15,119430,21861,18.30%,306,782840,0.26%,1.40%,6.55,2558.3,5401.88,210200,3.724
2023/1/16,117369,20712,17.65%,299,1010610,0.25%,1.44%,8.61,3379.97,6973.57,272250,3.712
2023/1/17,116584,20766,17.81%,268,592010,0.23%,1.29%,5.08,2208.99,4085.08,159780,3.705
2023/1/18,119166,21026,17.64%,297,808200,0.25%,1.41%,6.78,2721.21,5576.87,218650,3.696
2023/1/19,117070,20915,17.87%,399,1270050,0.34%,1.91%,10.85,3183.08,8763.8,341060,3.724
2023/1/20,118109,20954,17.74%,323,1668820,0.27%,1.54%,14.13,5166.63,11515.46,446260,3.74
2023/1/21,117157,21197,18.09%,385,1429690,0.33%,1.82%,12.2,3713.48,9865.37,387330,3.691
2023/1/22,119890,21730,18.12%,303,874770,0.25%,1.39%,7.3,2887.03,6036.23,235370,3.717
2023/1/23,118567,21340,18.00%,265,681600,0.22%,1.24%,5.75,2572.08,4703.28,184180,3.701
2023/1/24,119575,21602,18.07%,265,890890,0.22%,1.23%,7.45,3361.85,6147.46,239660,3.717
2023/1/25,118672,21604,18.20%,266,494850,0.22%,1.23%,4.17,1860.34,3414.64,133790,3.699
2023/1/26,117367,21159,18.03%,378,1382810,0.32%,1.79%,11.78,3658.23,9541.89,372380,3.713
2023/1/27,118332,21573,18.23%,305,694760,0.26%,1.41%,5.87,2277.9,4794.09,186650,3.722
2023/1/28,118490,21848,18.44%,289,806980,0.24%,1.32%,6.81,2792.32,5568.45,218780,3.689
2023/1/29,121363,22379,18.44%,268,689350,0.22%,1.20%,5.68,2572.2,4756.76,184750,3.731
2023/1/30,118707,21396,18.02%,248,462670,0.21%,1.16%,3.9,1865.6,3192.59,124650,3.712
2023/1/31,119473,21393,17.91%,317,1288650,0.27%,1.48%,10.79,4065.14,8892.15,345620,3.729
2023/2/1,118819,21575,18.16%,489,2322440,0.41%,2.27%,19.55,4749.37,16025.67,626490,3.707
2023/2/2,119420,21812,18.26%,574,2005280,0.48%,2.63%,16.79,3493.52,13837.15,543780,3.688
2023/2/3,121679,22204,18.25%,465,1573660,0.38%,2.09%,12.93,3384.22,10858.82,426340,3.691
2023/2/4,122814,22383,18.23%,401,1266140,0.33%,1.79%,10.31,3157.46,8736.82,342180,3.7
2023/2/5,131281,23827,18.15%,432,1169600,0.33%,1.81%,8.91,2707.41,8070.66,317570,3.683
2023/2/6,130232,23418,17.98%,409,1875020,0.31%,1.75%,14.4,4584.4,12938.31,507520,3.694
2023/2/7,128405,23375,18.20%,351,863950,0.27%,1.50%,6.73,2461.4,5961.57,233680,3.697
2023/2/8,126938,23459,18.48%,321,829820,0.25%,1.37%,6.54,2585.11,5726.06,223950,3.705
2023/2/9,124280,22992,18.50%,420,1129470,0.34%,1.83%,9.09,2689.21,7793.75,304350,3.711
2023/2/10,127747,23684,18.54%,386,1217760,0.30%,1.63%,9.53,3154.82,8402.98,329370,3.697
2023/2/11,127943,23453,18.33%,361,1479170,0.28%,1.54%,11.56,4097.42,10206.8,399180,3.706
2023/2/12,128777,23955,18.60%,372,1761050,0.29%,1.55%,13.68,4734.01,12151.88,473400,3.72
2023/2/13,128880,23604,18.31%,327,722230,0.25%,1.39%,5.6,2208.65,4983.65,195780,3.689
2023/2/14,125065,22810,18.24%,361,1024440,0.29%,1.58%,8.19,2837.78,7069,278060,3.684
2023/2/15,124687,22805,18.29%,323,914310,0.26%,1.42%,7.33,2830.68,6309.07,245300,3.727
2023/2/16,121628,22907,18.83%,523,1933940,0.43%,2.28%,15.9,3697.78,13344.88,521620,3.708
2023/2/17,125942,22870,18.16%,412,1569890,0.33%,1.80%,12.47,3810.41,10832.8,426500,3.681
2023/2/18,127396,23810,18.69%,401,1163210,0.31%,1.68%,9.13,2900.77,8026.57,316660,3.673
2023/2/19,129709,24519,18.90%,438,1152480,0.34%,1.79%,8.89,2631.23,7952.53,312580,3.687
2023/2/20,125605,23384,18.62%,366,1488500,0.29%,1.57%,11.85,4066.94,10271.18,399290,3.728
2023/2/21,123635,23096,18.68%,349,1111930,0.28%,1.51%,8.99,3186.05,7672.72,299720,3.71
2023/2/22,121819,23166,19.02%,353,1120220,0.29%,1.52%,9.2,3173.43,7729.92,301890,3.711
2023/2/23,126882,23847,18.79%,519,3064330,0.41%,2.18%,24.15,5904.3,21144.98,826790,3.706
2023/2/24,128474,23386,18.20%,471,1940260,0.37%,2.01%,15.1,4119.45,13388.49,523490,3.706
2023/2/25,124968,23441,18.76%,347,1431780,0.28%,1.48%,11.46,4126.17,9879.8,386920,3.7
2023/2/26,124683,23627,18.95%,380,1098510,0.30%,1.61%,8.81,2890.82,7580.11,297390,3.694
2023/2/27,124109,22538,18.16%,306,1036270,0.25%,1.36%,8.35,3386.5,7150.63,278570,3.72
2023/2/28,120663,22761,18.86%,435,1691330,0.36%,1.91%,14.02,3888.11,11670.78,458220,3.691
2023/3/1,120588,22896,18.99%,546,2840140,0.45%,2.38%,23.55,5201.72,19597.99,764980,3.713
2023/3/2,118250,22944,19.40%,668,2990280,0.56%,2.91%,25.29,4476.47,20634,809530,3.694
2023/3/3,120546,22526,18.69%,541,2165450,0.45%,2.40%,17.96,4002.68,14942.38,587040,3.689
2023/3/4,119162,23032,19.33%,389,1476610,0.33%,1.69%,12.39,3795.91,10189.14,396360,3.725
2023/3/5,121719,23612,19.40%,402,927320,0.33%,1.70%,7.62,2306.77,6398.84,251670,3.685
2023/3/6,120298,22711,18.88%,388,1588850,0.32%,1.71%,13.21,4094.97,10963.64,429540,3.699
2023/3/7,119439,22849,19.13%,342,907270,0.29%,1.50%,7.6,2652.84,6260.49,246270,3.684
2023/3/8,119258,22699,19.03%,348,884610,0.29%,1.53%,7.42,2541.98,6104.13,240610,3.677
2023/3/9,117118,22500,19.21%,513,1921930,0.44%,2.28%,16.41,3746.45,13262.01,519480,3.7
2023/3/10,119745,22441,18.74%,784,3434270,0.65%,3.49%,28.68,4380.45,23697.7,926710,3.706
2023/3/11,118767,22586,19.02%,892,3124560,0.75%,3.95%,26.31,3502.87,21560.59,841090,3.715
2023/3/12,119471,23091,19.33%,760,2382890,0.64%,3.29%,19.95,3135.38,16442.8,642860,3.707
2023/3/13,118723,22782,19.19%,593,1529960,0.50%,2.60%,12.89,2580.03,10557.27,412140,3.712
2023/3/14,116738,22077,18.91%,567,1546760,0.49%,2.57%,13.25,2727.97,10673.2,418290,3.698
2023/3/15,116670,22297,19.11%,523,1499300,0.45%,2.35%,12.85,2866.73,10345.71,402860,3.722
2023/3/16,114284,21928,19.19%,614,2012360,0.54%,2.80%,17.61,3277.46,13886.01,541780,3.714
2023/3/17,116921,21974,18.79%,560,1753180,0.48%,2.55%,14.99,3130.68,12097.57,474260,3.697
2023/3/18,115037,22118,19.23%,520,1684090,0.45%,2.35%,14.64,3238.63,11620.83,456410,3.69
2023/3/19,116224,22289,19.18%,488,1573260,0.42%,2.19%,13.54,3223.89,10856.06,425170,3.7
2023/3/20,115093,22306,19.38%,530,1458240,0.46%,2.38%,12.67,2751.4,10062.38,391730,3.723
2023/3/21,117076,22878,19.54%,536,1661160,0.46%,2.34%,14.19,3099.18,11462.6,449290,3.697
2023/3/22,116338,22390,19.25%,484,1232560,0.42%,2.16%,10.59,2546.61,8505.11,332600,3.706
2023/3/23,114644,22877,19.95%,510,2155800,0.44%,2.23%,18.8,4227.06,14875.79,580430,3.714
2023/3/24,119016,22572,18.97%,747,3484410,0.63%,3.31%,29.28,4664.54,24043.68,940290,3.706
2023/3/25,117241,22384,19.09%,586,2755760,0.50%,2.62%,23.51,4702.66,19015.73,743120,3.708
2023/3/26,119258,23306,19.54%,510,1816870,0.43%,2.19%,15.23,3562.49,12537.05,491930,3.693
2023/3/27,117075,22786,19.46%,477,1688380,0.41%,2.09%,14.42,3539.58,11650.43,455450,3.707
2023/3/28,115614,22699,19.63%,483,1465620,0.42%,2.13%,12.68,3034.41,10113.3,396420,3.697
2023/3/29,117110,22763,19.44%,425,1465900,0.36%,1.87%,12.52,3449.18,10115.24,396170,3.7
2023/3/30,116547,22839,19.60%,444,1386560,0.38%,1.94%,11.9,3122.88,9567.76,376390,3.684
2023/3/31,119733,23071,19.27%,642,3430690,0.54%,2.78%,28.65,5343.75,23672.99,928570,3.695
2023/4/1,119389,22726,19.04%,650,3690580,0.54%,2.86%,30.91,5677.82,25466.33,993690,3.714
2023/4/2,119121,23038,19.34%,595,2574490,0.50%,2.58%,21.61,4326.87,17764.9,693670,3.711
2023/4/3,118875,22635,19.04%,532,2666770,0.45%,2.35%,22.43,5012.73,18401.67,718230,3.713
2023/4/4,117371,22847,19.47%,505,2169040,0.43%,2.21%,18.48,4295.13,14967.15,589460,3.68
2023/4/5,117826,23071,19.58%,547,3559410,0.46%,2.37%,30.21,6507.15,24561.21,963080,3.696
2023/4/6,116417,22830,19.61%,574,2080640,0.49%,2.51%,17.87,3624.81,14357.16,563480,3.692
2023/4/7,119736,23194,19.37%,476,2221490,0.40%,2.05%,18.55,4667,15329.08,599520,3.705
2023/4/8,118873,23636,19.88%,402,2053110,0.34%,1.70%,17.27,5107.24,14167.2,549980,3.733
2023/4/9,122661,23584,19.23%,393,1336680,0.32%,1.67%,10.9,3401.22,9223.57,360760,3.705
2023/4/10,118165,22316,18.89%,381,2171800,0.32%,1.71%,18.38,5700.26,14986.2,586750,3.701
2023/4/11,117426,22479,19.14%,363,1065690,0.31%,1.61%,9.08,2935.79,7353.64,288480,3.694
2023/4/12,115940,22611,19.50%,560,2778220,0.48%,2.48%,23.96,4961.11,19170.71,745080,3.729
2023/4/13,114116,22540,19.75%,554,3294460,0.49%,2.46%,28.87,5946.68,22732.96,895300,3.68
2023/4/14,117530,22370,19.03%,481,1867940,0.41%,2.15%,15.89,3883.45,12889.46,507900,3.678
2023/4/15,119600,23333,19.51%,431,1770860,0.36%,1.85%,14.81,4108.72,12219.57,479700,3.692
2023/4/16,122333,23740,19.41%,394,1462950,0.32%,1.66%,11.96,3713.07,10094.88,394250,3.711
2023/4/17,117847,22254,18.88%,349,858810,0.30%,1.57%,7.29,2460.77,5926.1,233870,3.672
2023/4/18,116243,22212,19.11%,343,918270,0.30%,1.54%,7.9,2677.17,6336.39,249390,3.682
2023/4/19,117662,22694,19.29%,558,1443160,0.47%,2.46%,12.27,2586.31,9958.32,391340,3.688
2023/4/20,116318,22616,19.44%,567,2082630,0.49%,2.51%,17.9,3673.07,14370.89,563800,3.694
2023/4/21,118031,22266,18.86%,496,1837930,0.42%,2.23%,15.57,3705.5,12682.38,496370,3.703
2023/4/22,118125,22721,19.23%,386,1039440,0.33%,1.70%,8.8,2692.85,7172.51,282060,3.685
2023/4/23,120267,23079,19.19%,398,1104970,0.33%,1.72%,9.19,2776.31,7624.69,299680,3.687
2023/4/24,118120,22070,18.68%,346,1265950,0.29%,1.57%,10.72,3658.82,8735.51,344810,3.671
2023/4/25,116507,22043,18.92%,539,2165710,0.46%,2.45%,18.59,4018.01,14944.18,590900,3.665
2023/4/26,117045,22170,18.94%,413,1644890,0.35%,1.86%,14.05,3982.78,11350.33,441990,3.722
2023/4/27,114216,21885,19.16%,527,2990720,0.46%,2.41%,26.18,5674.99,20637.04,811760,3.684
2023/4/28,115631,21699,18.77%,445,1739360,0.38%,2.05%,15.04,3908.67,12002.21,469690,3.703
2023/4/29,118360,22600,19.09%,427,1671180,0.36%,1.89%,14.12,3913.77,11531.74,453030,3.689
2023/4/30,118969,22943,19.28%,494,2154510,0.42%,2.15%,18.11,4361.36,14866.89,587600,3.667
2023/5/1,115825,22215,19.18%,752,4287750,0.65%,3.39%,37.02,5701.8,29587.01,1160380,3.695
2023/5/2,115420,22077,19.13%,570,2399250,0.49%,2.58%,20.79,4209.21,16555.69,651180,3.684
2023/5/3,114930,21552,18.75%,465,2132450,0.40%,2.16%,18.55,4585.91,14714.67,578800,3.684
2023/5/4,114897,21599,18.80%,530,2237510,0.46%,2.45%,19.47,4221.72,15439.62,604890,3.699
2023/5/5,120624,22193,18.40%,503,2084490,0.42%,2.27%,17.28,4144.12,14383.73,563520,3.699
2023/5/6,120310,23457,19.50%,446,1719280,0.37%,1.90%,14.29,3854.89,11863.65,465460,3.694
2023/5/7,125659,24868,19.79%,484,1695810,0.39%,1.95%,13.5,3503.74,11701.7,459580,3.69
2023/5/8,122277,23145,18.93%,376,1472610,0.31%,1.62%,12.04,3916.52,10161.54,396650,3.713
2023/5/9,121298,23015,18.97%,377,1420850,0.31%,1.64%,11.71,3768.83,9804.37,382400,3.716
2023/5/10,120132,23109,19.24%,525,3044370,0.44%,2.27%,25.34,5798.8,21007.25,812360,3.748
2023/5/11,118645,22858,19.27%,441,1312570,0.37%,1.93%,11.06,2976.35,9057.2,354760,3.7
2023/5/12,119378,22504,18.85%,512,2533160,0.43%,2.28%,21.22,4947.58,17479.71,680720,3.721
2023/5/13,120837,23776,19.68%,439,1865180,0.36%,1.85%,15.44,4248.7,12870.41,505660,3.689
2023/5/14,123907,24689,19.93%,453,2246310,0.37%,1.83%,18.13,4958.74,15500.35,607350,3.699
2023/5/15,122114,23284,19.07%,409,1726040,0.33%,1.76%,14.13,4220.15,11910.3,466530,3.7
2023/5/16,119639,23104,19.31%,464,2302460,0.39%,2.01%,19.25,4962.2,15887.8,619840,3.715
2023/5/17,121191,23176,19.12%,403,1955280,0.33%,1.74%,16.13,4851.81,13492.13,524630,3.727
2023/5/18,122036,22986,18.84%,374,1446570,0.31%,1.63%,11.85,3867.83,9981.85,390710,3.702
2023/5/19,121704,23250,19.10%,480,2298470,0.39%,2.06%,18.89,4788.48,15860.27,624000,3.683
2023/5/20,120761,23703,19.63%,426,1513020,0.35%,1.80%,12.53,3551.69,10440.38,409690,3.693
2023/5/21,124562,23943,19.22%,377,1421460,0.30%,1.57%,11.41,3770.45,9808.58,385040,3.692
2023/5/22,125066,23552,18.83%,350,1334410,0.28%,1.49%,10.67,3812.6,9207.91,360410,3.702
2023/5/23,122039,24998,20.48%,378,1240080,0.31%,1.51%,10.16,3280.63,8557,336000,3.691
2023/5/24,124627,23465,18.83%,353,1428530,0.28%,1.50%,11.46,4046.83,9857.37,383160,3.728
2023/5/25,123843,24798,20.02%,511,3662270,0.41%,2.06%,29.57,7166.87,25270.98,987330,3.709
2023/5/26,122644,23295,18.99%,593,2525230,0.48%,2.55%,20.59,4258.4,17424.99,681270,3.707
2023/5/27,122597,23859,19.46%,515,2397580,0.42%,2.16%,19.56,4655.5,16544.16,646450,3.709
2023/5/28,125278,24413,19.49%,396,1608450,0.32%,1.62%,12.84,4061.74,11098.88,436280,3.687
2023/5/29,125372,23810,18.99%,419,1598950,0.33%,1.76%,12.75,3816.11,11033.33,431390,3.707
2023/5/30,124220,23950,19.28%,369,1218830,0.30%,1.54%,9.81,3303.06,8410.36,332960,3.661
2023/5/31,122837,23921,19.47%,534,3188200,0.43%,2.23%,25.95,5970.41,21999.72,863680,3.691
2023/6/1,125707,24021,19.11%,627,4686090,0.50%,2.61%,37.28,7473.83,32335.7,1266870,3.699
2023/6/2,127669,25066,19.63%,751,4085950,0.59%,3.00%,32,5440.68,28194.52,1105260,3.697
2023/6/3,125585,25391,20.22%,625,3194330,0.50%,2.46%,25.44,5110.93,22042.02,862440,3.704
2023/6/4,125083,25088,20.06%,502,2453550,0.40%,2.00%,19.62,4887.55,16930.38,664320,3.693
2023/6/5,123222,24087,19.55%,527,2981400,0.43%,2.19%,24.2,5657.31,20572.73,802470,3.715
2023/6/6,125700,23970,19.07%,584,3531530,0.46%,2.44%,28.09,6047.14,24368.82,950540,3.715
2023/6/7,125078,24325,19.45%,441,1472850,0.35%,1.81%,11.78,3339.8,10163.19,397960,3.701
2023/6/8,123266,25083,20.35%,554,2323370,0.45%,2.21%,18.85,4193.81,16032.09,630440,3.685
2023/6/9,121162,25545,21.08%,701,3858000,0.58%,2.74%,31.84,5503.57,26621.58,1042120,3.702
2023/6/10,123401,24566,19.91%,518,2781190,0.42%,2.11%,22.54,5369.09,19191.21,750820,3.704
2023/6/11,125121,25838,20.65%,472,1870930,0.38%,1.83%,14.95,3963.83,12910.09,506080,3.697
2023/6/12,123850,24610,19.87%,450,2509400,0.36%,1.83%,20.26,5576.44,17315.76,677090,3.706
2023/6/13,125345,24753,19.75%,509,2107110,0.41%,2.06%,16.81,4139.71,14539.82,568330,3.708
2023/6/14,121280,24647,20.32%,532,2408210,0.44%,2.16%,19.86,4526.71,16617.51,649860,3.706
2023/6/15,124836,24822,19.88%,500,2287400,0.40%,2.01%,18.32,4574.8,15783.88,617190,3.706
2023/6/16,121648,24975,20.53%,609,2695790,0.50%,2.44%,22.16,4426.58,18601.92,730350,3.691
2023/6/17,122208,24794,20.29%,515,2452840,0.42%,2.08%,20.07,4762.8,16925.48,664040,3.694
2023/6/18,124984,25233,20.19%,512,2923820,0.41%,2.03%,23.39,5710.59,20175.41,789430,3.704
2023/6/19,121787,24385,20.02%,447,1820510,0.37%,1.83%,14.95,4072.73,12562.17,490820,3.709
2023/6/20,121628,24542,20.18%,444,1700000,0.37%,1.81%,13.98,3828.83,11730.61,460610,3.691
2023/6/21,121426,24568,20.23%,448,1994140,0.37%,1.82%,16.42,4451.21,13760.28,539800,3.694
2023/6/22,122746,25037,20.40%,464,2341890,0.38%,1.85%,19.08,5047.18,16159.88,638470,3.668
2023/6/23,123100,26115,21.21%,633,3284390,0.51%,2.42%,26.68,5188.61,22663.47,890550,3.688
2023/6/24,124243,26088,21.00%,527,2264530,0.42%,2.02%,18.23,4297.02,15626.07,613690,3.69
2023/6/25,125840,25911,20.59%,486,2712020,0.39%,1.88%,21.55,5580.29,18713.91,731810,3.706
2023/6/26,125727,25015,19.90%,446,1873180,0.35%,1.78%,14.9,4199.96,12925.61,506380,3.699
2023/6/27,123669,24919,20.15%,407,1740710,0.33%,1.63%,14.08,4276.93,12011.52,471370,3.693
2023/6/28,122195,25014,20.47%,514,2982730,0.42%,2.05%,24.41,5802.98,20581.91,804620,3.707
2023/6/29,121308,24853,20.49%,448,2136160,0.37%,1.80%,17.61,4768.21,14740.27,578070,3.695
2023/6/30,121033,25201,20.82%,606,3470100,0.50%,2.40%,28.67,5726.24,23944.94,943470,3.678
2023/7/1,122674,25644,20.90%,777,4732730,0.63%,3.03%,38.58,6091.03,32657.54,1285290,3.682
2023/7/2,133677,26591,19.89%,644,3105450,0.48%,2.42%,23.23,4822.13,21428.72,841720,3.689
2023/7/3,131050,25496,19.46%,627,3078460,0.48%,2.46%,23.49,4909.82,21242.48,830570,3.706
2023/7/4,129023,25459,19.73%,539,2523230,0.42%,2.12%,19.56,4681.32,17411.19,685080,3.683
2023/7/5,130793,25377,19.40%,708,3923210,0.54%,2.79%,30,5541.26,27071.56,1067470,3.675
2023/7/6,132747,25246,19.02%,716,3969590,0.54%,2.84%,29.9,5544.12,27391.6,1088760,3.646
2023/7/7,132211,24967,18.88%,658,3531030,0.50%,2.64%,26.71,5366.31,24365.37,955990,3.694
2023/7/8,135033,25511,18.89%,580,2670030,0.43%,2.27%,19.77,4603.5,18424.17,726510,3.675
2023/7/9,134547,26100,19.40%,552,2398160,0.41%,2.11%,17.82,4344.49,16548.16,647990,3.701
2023/7/10,133744,25415,19.00%,536,3137730,0.40%,2.11%,23.46,5853.97,21651.46,845600,3.711
2023/7/11,131349,25110,19.12%,545,2460860,0.41%,2.17%,18.74,4515.34,16980.82,668200,3.683
2023/7/12,138051,25293,18.32%,683,3514010,0.49%,2.70%,25.45,5144.96,24247.93,951700,3.692
2023/7/13,134570,25240,18.76%,597,3827150,0.44%,2.37%,28.44,6410.64,26408.71,1036730,3.692
2023/7/14,132983,24966,18.77%,605,3917190,0.45%,2.42%,29.46,6474.69,27030.02,1056910,3.706
2023/7/15,130485,24992,19.15%,544,2711190,0.42%,2.18%,20.78,4983.81,18708.18,737070,3.678
2023/7/16,132225,25464,19.26%,521,1735150,0.39%,2.05%,13.12,3330.42,11973.16,471340,3.681
2023/7/17,137430,26196,19.06%,513,2506250,0.37%,1.96%,18.24,4885.48,17294.02,683160,3.669
2023/7/18,133101,25332,19.03%,605,7111470,0.45%,2.39%,53.43,11754.5,49071.69,1948470,3.65
2023/7/19,131288,25396,19.34%,690,3747050,0.53%,2.72%,28.54,5430.51,25855.99,1013770,3.696
2023/7/20,131640,25326,19.24%,564,3210720,0.43%,2.23%,24.39,5692.77,22155.12,874120,3.673
2023/7/21,131992,25301,19.17%,617,2468460,0.47%,2.44%,18.7,4000.75,17033.26,669700,3.686
2023/7/22,132213,25580,19.35%,489,2121130,0.37%,1.91%,16.04,4337.69,14636.56,574750,3.691
2023/7/23,135485,26475,19.54%,466,1654940,0.34%,1.76%,12.21,3551.37,11419.68,448550,3.69
2023/7/24,136398,25751,18.88%,457,1886050,0.34%,1.77%,13.83,4127.02,13014.42,510510,3.694
2023/7/25,134322,25839,19.24%,511,2411110,0.38%,1.98%,17.95,4718.41,16637.52,654790,3.682
2023/7/26,134650,25730,19.11%,539,3247800,0.40%,2.09%,24.12,6025.6,22410.99,886950,3.662
2023/7/27,133768,26020,19.45%,508,2902440,0.38%,1.95%,21.7,5713.46,20027.88,789090,3.678
2023/7/28,134216,25482,18.99%,505,2783760,0.38%,1.98%,20.74,5512.4,19208.94,753600,3.694
2023/7/29,132333,25379,19.18%,501,2173500,0.38%,1.97%,16.42,4338.32,14997.93,589050,3.69
2023/7/30,136858,26257,19.19%,458,1806180,0.33%,1.74%,13.2,3943.62,12463.29,491320,3.676
2023/7/31,137327,25709,18.72%,529,3922030,0.39%,2.06%,28.56,7414.05,27063.41,1064930,3.683
2023/8/1,135324,26181,19.35%,767,4992230,0.57%,2.93%,36.89,6508.77,34448.18,1358320,3.675
2023/8/2,135513,26049,19.22%,696,3645870,0.51%,2.67%,26.9,5238.32,25157.81,984480,3.703
2023/8/3,135836,26131,19.24%,668,2806650,0.49%,2.56%,20.66,4201.57,19366.89,761590,3.685
2023/8/4,136412,25791,18.91%,566,2442410,0.41%,2.19%,17.9,4315.21,16853.51,663190,3.683
2023/8/5,135740,25332,18.66%,583,2896990,0.43%,2.30%,21.34,4969.11,19990.27,791360,3.661
2023/8/6,137757,26120,18.96%,535,2246980,0.39%,2.05%,16.31,4199.96,15504.97,609110,3.689
2023/8/7,138028,26357,19.10%,495,2176260,0.36%,1.88%,15.77,4396.48,15016.97,588640,3.697
2023/8/8,138633,26315,18.98%,492,2516890,0.35%,1.87%,18.16,5115.63,17367.44,684780,3.675
2023/8/9,138175,26617,19.26%,600,3497800,0.43%,2.25%,25.31,5829.67,24136.08,949300,3.685
2023/8/10,136333,26365,19.34%,638,3275180,0.47%,2.42%,24.02,5133.51,22599.92,890720,3.677
2023/8/11,136297,25602,18.78%,699,4227290,0.51%,2.73%,31.02,6047.63,29169.82,1146230,3.688
2023/8/12,135899,25212,18.55%,507,2241220,0.37%,2.01%,16.49,4420.55,15465.22,612320,3.66
2023/8/13,139557,26030,18.65%,539,3268620,0.39%,2.07%,23.42,6064.23,22554.65,884200,3.697
2023/8/14,142488,26518,18.61%,468,2386860,0.33%,1.76%,16.75,5100.13,16470.19,648020,3.683
2023/8/15,144457,27841,19.27%,547,2770360,0.38%,1.96%,19.18,5064.64,19116.48,752690,3.681
2023/8/16,142233,26948,18.95%,546,3799700,0.38%,2.03%,26.71,6959.16,26219.29,1036230,3.667
2023/8/17,139934,26658,19.05%,516,2572640,0.37%,1.94%,18.38,4985.74,17752.14,700940,3.67
2023/8/18,140853,26767,19.00%,664,3466540,0.47%,2.48%,24.61,5220.69,23920.37,942410,3.678
2023/8/19,141377,26895,19.02%,646,3590440,0.46%,2.40%,25.4,5557.96,24775.32,977370,3.674
2023/8/20,145096,27669,19.07%,597,3335590,0.41%,2.16%,22.99,5587.25,23016.77,907480,3.676
2023/8/21,148203,26970,18.20%,503,2492630,0.34%,1.87%,16.82,4955.53,17200.04,679380,3.669
2023/8/22,147149,26996,18.35%,481,2832890,0.33%,1.78%,19.25,5889.58,19547.96,772260,3.668
2023/8/23,146501,27146,18.53%,587,3255890,0.40%,2.16%,22.22,5546.66,22466.81,881260,3.695
2023/8/24,143254,27161,18.96%,461,2305880,0.32%,1.70%,16.1,5001.91,15911.4,625710,3.685
2023/8/25,147336,26926,18.28%,647,4867590,0.44%,2.40%,33.04,7523.32,33588.12,1330100,3.66
2023/8/26,144868,26525,18.31%,554,3499700,0.38%,2.09%,24.16,6317.15,24149.19,950900,3.68
2023/8/27,144881,27088,18.70%,480,2372210,0.33%,1.77%,16.37,4942.1,16369.1,643450,3.687
2023/8/28,143758,27280,18.98%,504,2331260,0.35%,1.85%,16.22,4625.52,16086.53,632330,3.687
2023/8/29,144747,26886,18.57%,640,3344740,0.44%,2.38%,23.11,5226.16,23079.91,910900,3.672
2023/8/30,141542,27094,19.14%,696,4365760,0.49%,2.57%,30.84,6272.64,30125.31,1180160,3.699
2023/8/31,141529,26689,18.86%,650,4988440,0.46%,2.44%,35.25,7674.52,34422.03,1358870,3.671
2023/9/1,144271,26669,18.49%,1082,8056640,0.75%,4.06%,55.84,7446.06,55593.71,2191130,3.677
2023/9/2,143473,26894,18.74%,783,5034820,0.55%,2.91%,35.09,6430.17,34742.06,1361010,3.699
2023/9/3,142273,27347,19.22%,661,3468220,0.46%,2.42%,24.38,5246.93,23931.96,938300,3.696
2023/9/4,142901,26955,18.86%,653,2881520,0.46%,2.42%,20.16,4412.74,19883.52,781630,3.687
2023/9/5,142121,26761,18.83%,780,3615670,0.55%,2.91%,25.44,4635.47,24949.42,976980,3.701
2023/9/6,143769,26913,18.72%,1076,5765550,0.75%,4.00%,40.1,5358.32,39784.36,1575080,3.66
2023/9/7,144381,26910,18.64%,894,3429420,0.62%,3.32%,23.75,3836.04,23664.23,932970,3.676
2023/9/8,143922,27496,19.10%,949,4119190,0.66%,3.45%,28.62,4340.56,28423.89,1113650,3.699
2023/9/9,144177,27213,18.87%,850,3817440,0.59%,3.12%,26.48,4491.11,26341.71,1034020,3.692
2023/9/10,145246,27929,19.23%,784,2403270,0.54%,2.81%,16.55,3065.4,16583.43,649000,3.703
2023/9/11,146718,26941,18.36%,763,3179300,0.52%,2.83%,21.67,4166.84,21938.31,859890,3.697
2023/9/12,148874,27094,18.20%,764,3205970,0.51%,2.82%,21.53,4196.3,22122.34,867430,3.696
2023/9/13,143896,26949,18.73%,750,2618220,0.52%,2.78%,18.2,3490.96,18066.66,709420,3.691
2023/9/14,142144,26730,18.80%,725,2504360,0.51%,2.71%,17.62,3454.29,17280.98,678230,3.692
2023/9/15,151160,26827,17.75%,833,2673100,0.55%,3.11%,17.68,3209,18445.35,725190,3.686
2023/9/16,150713,27046,17.95%,718,2345610,0.48%,2.65%,15.56,3266.87,16185.55,633520,3.703
2023/9/17,151402,27182,17.95%,578,1923440,0.38%,2.13%,12.7,3327.75,13272.43,519830,3.7
2023/9/18,152863,28736,18.80%,618,2088930,0.40%,2.15%,13.67,3380.15,14414.37,562340,3.715
2023/9/19,153364,27856,18.16%,601,1926220,0.39%,2.16%,12.56,3205.02,13291.61,520940,3.698
2023/9/20,152067,27916,18.36%,670,3137410,0.44%,2.40%,20.63,4682.7,21649.25,846900,3.705
2023/9/21,151561,28233,18.63%,630,2289710,0.42%,2.23%,15.11,3634.46,15799.82,621480,3.684
2023/9/22,152061,28471,18.72%,678,2793000,0.45%,2.38%,18.37,4119.47,19272.7,754310,3.703
2023/9/23,151553,28860,19.04%,558,1949180,0.37%,1.93%,12.86,3493.15,13450.04,527470,3.695
2023/9/24,153450,28807,18.77%,549,1889520,0.36%,1.91%,12.31,3441.75,13038.37,511050,3.697
2023/9/25,150656,27995,18.58%,580,2262890,0.38%,2.07%,15.02,3901.53,15614.75,611850,3.698
2023/9/26,151401,28118,18.57%,571,2041520,0.38%,2.03%,13.48,3575.34,14087.22,551040,3.705
2023/9/27,148728,28312,19.04%,796,3117150,0.54%,2.81%,20.96,3916.02,21509.45,842730,3.699
2023/9/28,151641,28241,18.62%,720,2530090,0.47%,2.55%,16.68,3514.01,17458.53,683800,3.7
2023/9/29,147508,27621,18.73%,787,3238980,0.53%,2.85%,21.96,4115.6,22350.12,873220,3.709
2023/9/30,146270,27746,18.97%,735,4048540,0.50%,2.65%,27.68,5508.22,27936.38,1098600,3.685
2023/10/1,150225,28920,19.25%,1173,7082350,0.78%,4.06%,47.14,6037.81,48870.76,1916670,3.695
2023/10/2,143933,27657,19.22%,932,4623800,0.65%,3.37%,32.12,4961.16,31905.88,1243500,3.718
2023/10/3,146488,27740,18.94%,939,4081020,0.64%,3.39%,27.86,4346.13,28160.5,1104000,3.697
2023/10/4,144307,27844,19.29%,958,3974180,0.66%,3.44%,27.54,4148.41,27423.27,1076100,3.693
2023/10/5,142597,27198,19.07%,779,2952010,0.55%,2.86%,20.7,3789.49,20369.93,798320,3.698
2023/10/6,143976,27027,18.77%,939,4496150,0.65%,3.47%,31.23,4788.23,31025.05,1217820,3.692
2023/10/7,145414,26965,18.54%,774,3376870,0.53%,2.87%,23.22,4362.88,23301.61,914920,3.691
2023/10/8,150153,27984,18.64%,707,2531160,0.47%,2.53%,16.86,3580.14,17465.91,687020,3.684
2023/10/9,151627,29463,19.43%,672,2266890,0.44%,2.28%,14.95,3373.35,15642.35,611830,3.705
2023/10/10,152531,28497,18.68%,723,2803990,0.47%,2.54%,18.38,3878.27,19348.54,758624,3.696
2023/10/11,151602,28551,18.83%,652,2216800,0.43%,2.28%,14.62,3400,15296.72,599621,3.697
2023/10/12,146577,28215,19.25%,930,4064800,0.63%,3.30%,27.73,4370.75,28048.58,1110331,3.661
2023/10/13,146208,27711,18.95%,853,4209410,0.58%,3.08%,28.79,4934.83,29046.44,1149310,3.663
2023/10/14,147451,28615,19.41%,708,2871950,0.48%,2.47%,19.48,4056.43,19817.49,782083,3.672
2023/10/15,148654,29232,19.66%,720,2456100,0.48%,2.46%,16.52,3411.25,16947.97,665089,3.693
2023/10/16,150296,28430,18.92%,706,2961140,0.47%,2.48%,19.7,4194.25,20432.93,805245,3.677
2023/10/17,151180,28047,18.55%,686,2730420,0.45%,2.45%,18.06,3980.2,18840.88,749958,3.641
2023/10/18,149147,28083,18.83%,628,2959210,0.42%,2.24%,19.84,4712.12,20419.61,803726,3.682
2023/10/19,147961,28186,19.05%,676,2736890,0.46%,2.40%,18.5,4048.65,18885.52,752075,3.639
2023/10/20,151583,28301,18.67%,778,4727560,0.51%,2.75%,31.19,6076.56,32621.86,1290854,3.662
2023/10/21,150093,28488,18.98%,759,4429670,0.51%,2.66%,29.51,5836.19,30566.31,1207671,3.668
2023/10/22,149483,29088,19.46%,694,4272190,0.46%,2.39%,28.58,6155.89,29479.64,1165838,3.664
2023/10/23,151868,28660,18.87%,737,3610340,0.49%,2.57%,23.77,4898.7,24912.64,980729,3.681
2023/10/24,156291,28617,18.31%,821,4260420,0.53%,2.87%,27.26,5189.31,29398.43,1106251,3.851
2023/10/25,150101,28771,19.17%,1015,4835550,0.68%,3.53%,32.22,4764.09,33367.03,1209203,3.999
2023/10/26,149661,28534,19.07%,858,4091700,0.57%,3.01%,27.34,4768.88,28234.2,1077179,3.799
2023/10/27,148443,28696,19.33%,970,4288200,0.65%,3.38%,28.89,4420.82,29590.12,1139494,3.763
2023/10/28,148145,28794,19.44%,789,3611230,0.53%,2.74%,24.38,4576.97,24918.78,958402,3.768
2023/10/29,148339,29917,20.17%,814,3127460,0.55%,2.72%,21.08,3842.09,21580.6,841515,3.716
2023/10/30,150681,28651,19.01%,733,2822940,0.49%,2.56%,18.73,3851.21,19479.3,753612,3.746
2023/10/31,155188,28287,18.23%,868,4363050,0.56%,3.07%,28.11,5026.56,30106.61,1162006,3.755
2023/11/1,152165,28589,18.79%,1175,6930930,0.77%,4.11%,45.55,5898.66,47825.9,1834069,3.779
2023/11/2,151846,28872,19.01%,906,4235350,0.60%,3.14%,27.89,4674.78,29225.43,1128648,3.753
2023/11/3,157349,28857,18.34%,1044,5954330,0.66%,3.62%,37.84,5703.38,41087.01,1588903,3.747
2023/11/4,158334,29538,18.66%,1034,5970920,0.65%,3.50%,37.71,5774.58,41201.49,1601041,3.729
2023/11/5,157530,30546,19.39%,848,3747040,0.54%,2.78%,23.79,4418.68,25855.92,1007580,3.719
2023/11/6,157924,29877,18.92%,901,3171480,0.57%,3.02%,20.08,3519.96,21884.35,855836,3.706
2023/11/7,159464,30044,18.84%,839,4199860,0.53%,2.79%,26.34,5005.79,28980.54,1125345,3.732
2023/11/8,158541,29898,18.86%,852,3174110,0.54%,2.85%,20.02,3725.48,21902.5,853167,3.72
2023/11/9,154296,30050,19.48%,798,2935240,0.52%,2.66%,19.02,3678.25,20254.21,790316,3.714
2023/11/10,160155,30714,19.18%,1085,5749850,0.68%,3.53%,35.9,5299.4,39676.03,1555485,3.696
2023/11/11,160019,31994,19.99%,939,3382070,0.59%,2.93%,21.14,3601.78,23337.5,908257,3.724
2023/11/12,160612,33253,20.70%,845,2832690,0.53%,2.54%,17.64,3352.3,19546.58,763605,3.71
2023/11/13,160948,31601,19.63%,783,2671670,0.49%,2.48%,16.6,3412.09,18435.48,714410,3.74
2023/11/14,160629,31209,19.43%,806,3084330,0.50%,2.58%,19.2,3826.71,21282.98,840042,3.672
2023/11/15,157700,31460,19.95%,885,5425700,0.56%,2.81%,34.41,6130.73,37439.28,1464377,3.705
2023/11/16,154627,31394,20.30%,814,3919030,0.53%,2.59%,25.35,4814.53,27042.71,1066400,3.675
2023/11/17,157516,31571,20.04%,844,3521580,0.54%,2.67%,22.36,4172.49,24300.17,960677,3.666
2023/11/18,157316,32216,20.48%,753,2637340,0.48%,2.34%,16.76,3502.44,18198.59,711851,3.705
2023/11/19,159244,32847,20.63%,772,2665270,0.48%,2.35%,16.74,3452.42,18391.32,720710,3.698
2023/11/20,158281,31844,20.12%,792,2746520,0.50%,2.49%,17.35,3467.83,18951.97,740540,3.709
2023/11/21,158502,31933,20.15%,773,2968110,0.49%,2.42%,18.73,3839.73,20481.02,803762,3.693
2023/11/22,158800,31778,20.01%,854,3501460,0.54%,2.69%,22.05,4100.07,24161.33,952081,3.678
2023/11/23,158254,32669,20.64%,837,2965700,0.53%,2.56%,18.74,3543.25,20464.39,795304,3.729
2023/11/24,160994,31411,19.51%,1082,5935840,0.67%,3.44%,36.87,5485.99,40959.43,1609143,3.689
2023/11/25,158489,31970,20.17%,1182,6336480,0.75%,3.70%,39.98,5360.81,43723.99,1719512,3.685
2023/11/26,159907,33140,20.72%,945,4073050,0.59%,2.85%,25.47,4310.11,28105.51,1100692,3.7
2023/11/27,159667,32417,20.30%,883,3524560,0.55%,2.72%,22.07,3991.57,24320.73,952106,3.702
2023/11/28,163863,32479,19.82%,951,4540030,0.58%,2.93%,27.71,4773.95,31327.84,1228791,3.695
2023/11/29,160659,33189,20.66%,1090,3547880,0.68%,3.28%,22.08,3254.94,24481.65,952042,3.727
2023/11/30,156208,32037,20.51%,1078,5169240,0.69%,3.36%,33.09,4795.21,35669.61,1322636,3.908
2023/12/1,156545,31499,20.12%,1504,10153830,0.96%,4.77%,64.86,6751.22,70065.07,2580682,3.935
2023/12/2,158249,32155,20.32%,1180,6114540,0.75%,3.67%,38.64,5181.81,42192.52,1632429,3.746
2023/12/3,159079,33281,20.92%,964,3428870,0.61%,2.90%,21.55,3556.92,23660.43,903615,3.795
2023/12/4,157309,31744,20.18%,1018,4555350,0.65%,3.21%,28.96,4474.8,31433.55,1231269,3.7
2023/12/5,161045,31678,19.67%,969,3831100,0.60%,3.06%,23.79,3953.66,26435.96,1018957,3.76
2023/12/6,158043,32334,20.46%,884,4312770,0.56%,2.73%,27.29,4878.7,29759.66,1140876,3.78
2023/12/7,158090,32041,20.27%,835,2894630,0.53%,2.61%,18.31,3466.62,19973.99,767701,3.771
2023/12/8,157709,31862,20.20%,984,5184920,0.62%,3.09%,32.88,5269.23,35777.81,1393612,3.72
2023/12/9,159311,32249,20.24%,936,4657290,0.59%,2.90%,29.23,4975.74,32136.97,1244613,3.742
2023/12/10,159256,32968,20.70%,905,4640810,0.57%,2.75%,29.14,5127.97,32023.25,1260367,3.682
2023/12/11,158828,32407,20.40%,1272,5018920,0.80%,3.93%,31.6,3945.69,34632.35,1363505,3.681
2023/12/12,162684,32005,19.67%,1090,4532530,0.67%,3.41%,27.86,4158.28,31276.08,1230564,3.683
2023/12/13,158585,31836,20.08%,931,3317400,0.59%,2.92%,20.92,3563.27,22891.25,908171,3.653
2023/12/14,158128,31409,19.86%,826,3283480,0.52%,2.63%,20.76,3975.16,22657.19,890727,3.686
2023/12/15,158062,31455,19.90%,1109,6681500,0.70%,3.53%,42.27,6024.8,46104.75,1817015,3.677
2023/12/16,158060,31837,20.14%,1028,6696480,0.65%,3.23%,42.37,6514.09,46208.11,1826115,3.667
2023/12/17,158086,32510,20.56%,982,4345640,0.62%,3.02%,27.49,4425.3,29986.48,1173176,3.704
2023/12/18,154858,31012,20.03%,1251,5802470,0.81%,4.03%,37.47,4638.27,40039.13,1595415,3.637
2023/12/19,157728,30878,19.58%,1004,4204010,0.64%,3.25%,26.65,4187.26,29009.18,1141784,3.682
2023/12/20,154374,30723,19.90%,993,3931250,0.64%,3.23%,25.47,3958.96,27127.04,1069318,3.676
2023/12/21,156770,30668,19.56%,1035,4473720,0.66%,3.37%,28.54,4322.43,30870.27,1214917,3.682
2023/12/22,151222,30135,19.93%,1114,7472180,0.74%,3.70%,49.41,6707.52,51560.72,2040304,3.662
2023/12/23,150866,30032,19.91%,870,5248230,0.58%,2.90%,34.79,6032.45,36214.67,1437027,3.652
2023/12/24,152310,29902,19.63%,981,5391120,0.64%,3.28%,35.4,5495.54,37200.66,1459508,3.694
2023/12/25,153636,30322,19.74%,1131,5866130,0.74%,3.73%,38.18,5186.68,40478.4,1598488,3.67
2023/12/26,152816,30026,19.65%,1040,4802880,0.68%,3.46%,31.43,4618.15,33141.6,1315777,3.65
2023/12/27,151333,30717,20.30%,1148,9141340,0.76%,3.74%,60.41,7962.84,63078.53,2500772,3.655
2023/12/28,152063,30465,20.03%,1141,6579300,0.75%,3.75%,43.27,5766.26,45399.53,1785715,3.684
2023/12/29,152971,30503,19.94%,1329,7444680,0.87%,4.36%,48.67,5601.72,51370.96,2011593,3.701
2023/12/30,151828,29844,19.66%,1084,5545020,0.71%,3.63%,36.52,5115.33,38262.63,1490868,3.719
2023/12/31,155315,28224,18.17%,1094,6808510,0.70%,3.88%,43.84,6223.5,46981.16,1794730,3.794
2024/1/1,157382,26586,16.89%,1390,11614380,0.88%,5.23%,73.8,8355.67,80143.39,3117641,3.725
2024/1/2,158403,28405,17.93%,1052,5110510,0.66%,3.70%,32.26,4857.9,35264.35,1377081,3.711
2024/1/3,160067,30970,19.35%,1033,6134560,0.65%,3.34%,38.32,5938.59,42330.67,1652312,3.713
2024/1/4,160041,31497,19.68%,1100,6647700,0.69%,3.49%,41.54,6043.36,45871.52,1814573,3.664
2024/1/5,160930,31657,19.67%,1228,6308990,0.76%,3.88%,39.2,5137.61,43534.29,1711942,3.685
2024/1/6,158424,32289,20.38%,1159,6279530,0.73%,3.59%,39.64,5418.06,43331.01,1722412,3.646
2024/1/7,157907,32643,20.67%,941,5058020,0.60%,2.88%,32.03,5375.15,34902.15,1366216,3.702
2024/1/8,163903,33366,20.36%,960,5537480,0.59%,2.88%,33.79,5768.21,38210.6,1494547,3.705
2024/1/9,162511,32058,19.73%,970,4914810,0.60%,3.03%,30.24,5066.81,33913.95,1375737,3.572
2024/1/10,159535,31721,19.88%,1041,7021620,0.65%,3.28%,44.01,6745.07,48451.7,1985621,3.536
2024/1/11,160069,31576,19.73%,905,3887780,0.57%,2.87%,24.29,4295.89,26827.08,1050408,3.701
2024/1/12,157965,32012,20.27%,1028,5608790,0.65%,3.21%,35.51,5456.02,38702.66,1541289,3.639
2024/1/13,163039,33253,20.40%,904,4582520,0.55%,2.72%,28.11,5069.16,31621.03,1244294,3.683
2024/1/14,164113,34008,20.72%,843,4268420,0.51%,2.48%,26.01,5063.37,29453.63,1159601,3.681
2024/1/15,161369,32810,20.33%,892,6659100,0.55%,2.72%,41.27,7465.36,45950.18,1861450,3.577
2024/1/16,163629,32628,19.94%,839,4150880,0.51%,2.57%,25.37,4947.41,28642.56,1134084,3.66
2024/1/17,162624,32567,20.03%,978,5879930,0.60%,3.00%,36.16,6012.2,40573.63,1650952,3.562
2024/1/18,161014,33117,20.57%,890,3935080,0.55%,2.69%,24.44,4421.44,27153.46,1076436,3.656
2024/1/19,166270,33083,19.90%,965,5572550,0.58%,2.92%,33.52,5774.66,38452.59,1515346,3.677
2024/1/20,166381,34102,20.50%,889,4528170,0.53%,2.61%,27.22,5093.55,31246,1233161,3.672
2024/1/21,169743,35685,21.02%,853,5092470,0.50%,2.39%,30,5970.07,35139.87,1429425,3.563
2024/1/22,170069,34243,20.13%,896,6563110,0.53%,2.62%,38.59,7324.9,45287.81,1829542,3.587
2024/1/23,171155,33745,19.72%,866,4820720,0.51%,2.57%,28.17,5566.65,33264.7,1316806,3.661
2024/1/24,167200,34009,20.34%,788,4776300,0.47%,2.32%,28.57,6061.29,32958.18,1328683,3.595
2024/1/25,165510,34686,20.96%,873,5455760,0.53%,2.52%,32.96,6249.44,37646.7,1499318,3.639
2024/1/26,168487,34111,20.25%,943,6060620,0.56%,2.76%,35.97,6426.96,41820.45,1680270,3.607
2024/1/27,165263,34573,20.92%,899,4657760,0.54%,2.60%,28.18,5181.05,32140.22,1291434,3.607
2024/1/28,171228,35444,20.70%,847,3649300,0.49%,2.39%,21.31,4308.5,25181.48,1001211,3.645
2024/1/29,172458,33997,19.71%,900,5428960,0.52%,2.65%,31.48,6032.18,37461.77,1505895,3.605
2024/1/30,170334,34606,20.32%,847,3404420,0.50%,2.45%,19.99,4019.39,23491.72,923855,3.685
2024/1/31,170890,34680,20.29%,1093,6454480,0.64%,3.15%,37.77,5905.29,44538.23,1697488,3.802
2024/2/1,168638,34698,20.58%,1540,12215630,0.91%,4.44%,72.44,7932.23,84292.23,3212648,3.802
2024/2/2,168919,34817,20.61%,1175,6114280,0.70%,3.37%,36.2,5203.64,42190.73,1622959,3.767
2024/2/3,171257,35494,20.73%,937,4023620,0.55%,2.64%,23.49,4294.15,27764.42,1091135,3.688
2024/2/4,175229,36398,20.77%,982,4845580,0.56%,2.70%,27.65,4934.4,33436.24,1307774,3.705
2024/2/5,175314,35877,20.46%,1034,4700580,0.59%,2.88%,26.81,4546.02,32435.69,1267609,3.708
2024/2/6,173432,35984,20.75%,979,4820810,0.56%,2.72%,27.8,4924.22,33265.32,1333099,3.616
2024/2/7,173588,35642,20.53%,929,3387630,0.54%,2.61%,19.52,3646.53,23375.86,913097,3.71
2024/2/8,173262,35551,20.52%,907,2906010,0.52%,2.55%,16.77,3203.98,20052.51,787427,3.691
2024/2/9,174936,35165,20.10%,1092,5617630,0.62%,3.11%,32.11,5144.35,38763.66,1525027,3.684
2024/2/10,173418,35819,20.65%,1049,4899620,0.60%,2.93%,28.25,4670.75,33809.14,1324755,3.699
2024/2/11,175200,36183,20.65%,863,2993660,0.49%,2.39%,17.09,3468.9,20657.33,811251,3.69
2024/2/12,178278,37126,20.82%,1047,4355980,0.59%,2.82%,24.43,4160.44,30057.83,1188987,3.664
2024/2/13,176794,36198,20.47%,955,4661790,0.54%,2.64%,26.37,4881.46,32168.02,1260393,3.699
2024/2/14,176652,36270,20.53%,995,5728430,0.56%,2.74%,32.43,5757.22,39528.22,1560606,3.671
2024/2/15,172442,36646,21.25%,988,6045470,0.57%,2.70%,35.06,6118.9,41715.91,1645728,3.673
2024/2/16,177898,36271,20.39%,1043,5298290,0.59%,2.88%,29.78,5079.86,36560.1,1456919,3.637
2024/2/17,179037,36735,20.52%,952,4041400,0.53%,2.59%,22.57,4245.17,27887.11,1098650,3.679
2024/2/18,182653,38418,21.03%,875,3582170,0.48%,2.28%,19.61,4093.91,24718.26,979230,3.658
2024/2/19,181223,37130,20.49%,919,3192070,0.51%,2.48%,17.61,3473.42,22026.43,861198,3.707
2024/2/20,180898,37209,20.57%,979,4026450,0.54%,2.63%,22.26,4112.82,27783.95,1095771,3.675
2024/2/21,180322,37370,20.72%,1090,5163630,0.60%,2.92%,28.64,4737.28,35630.9,1389925,3.715
2024/2/22,177500,37317,21.02%,933,3727940,0.53%,2.50%,21,3995.65,25724.12,1006124,3.705
2024/2/23,180654,37253,20.62%,1046,5497390,0.58%,2.81%,30.43,5255.63,37933.96,1506380,3.649
2024/2/24,178739,37199,20.81%,898,4429000,0.50%,2.41%,24.78,4932.07,30561.69,1201242,3.687
2024/2/25,181753,38739,21.31%,926,3883280,0.51%,2.39%,21.37,4193.61,26796.03,1049811,3.699
2024/2/26,180702,37354,20.67%,1163,7215350,0.64%,3.11%,39.93,6204.08,49788.5,1994196,3.618
2024/2/27,180835,37143,20.54%,1062,5814160,0.59%,2.86%,32.15,5474.73,40119.79,1582909,3.673
2024/2/28,179201,37093,20.70%,1064,4206470,0.59%,2.87%,23.47,3953.45,29026.15,1148619,3.662
2024/2/29,180966,37785,20.88%,1314,7753490,0.73%,3.48%,42.85,5900.68,53501.86,1985078,3.906
2024/3/1,181059,37130,20.51%,1896,14489270,1.05%,5.11%,80.03,7642.02,99981.16,3743891,3.87
2024/3/2,182021,37644,20.68%,1458,8045260,0.80%,3.87%,44.2,5518.01,55515.18,2141317,3.757
2024/3/3,181363,38245,21.09%,1429,6670580,0.79%,3.74%,36.78,4668.01,46029.4,1786987,3.733
2024/3/4,181352,37617,20.74%,1168,4854680,0.64%,3.10%,26.77,4156.4,33499.03,1285900,3.775
2024/3/5,185724,38043,20.48%,1348,5587730,0.73%,3.54%,30.09,4145.2,38557.34,1510638,3.699
2024/3/6,183271,37715,20.58%,1259,5809000,0.69%,3.34%,31.7,4613.98,40084.18,1591288,3.651
2024/3/7,180875,37834,20.92%,1147,4615580,0.63%,3.03%,25.52,4024.05,31849.16,1246134,3.704
2024/3/8,182012,37296,20.49%,1263,5643100,0.69%,3.39%,31,4468.01,38939.41,1533067,3.681
2024/3/9,180395,38067,21.10%,1132,4138840,0.63%,2.97%,22.94,3656.22,28559.48,1116623,3.707
2024/3/10,181619,39079,21.52%,1060,4882180,0.58%,2.71%,26.88,4605.83,33688.79,1358025,3.595
2024/3/11,182589,38396,21.03%,1288,5662040,0.71%,3.35%,31.01,4395.99,39070.11,1554476,3.642
2024/3/12,184787,39183,21.20%,1130,4499290,0.61%,2.88%,24.35,3981.67,31046.72,1238791,3.632
2024/3/13,183666,38643,21.04%,1107,5424360,0.60%,2.86%,29.53,4900.05,37430.03,1476495,3.674
2024/3/14,183958,38267,20.80%,1058,5340100,0.58%,2.76%,29.03,5047.35,36848.61,1450611,3.681
2024/3/15,181526,37986,20.93%,1090,5640940,0.60%,2.87%,31.08,5175.17,38924.51,1512223,3.73
2024/3/16,183409,38234,20.85%,1069,4188510,0.58%,2.80%,22.84,3918.16,28902.22,1137413,3.682
2024/3/17,190193,39684,20.87%,1039,4146790,0.55%,2.62%,21.8,3991.14,28614.34,1128694,3.674
2024/3/18,187603,38825,20.70%,1188,5357800,0.63%,3.06%,28.56,4509.93,36970.74,1438668,3.724
2024/3/19,187590,39524,21.07%,1071,3993050,0.57%,2.71%,21.29,3728.34,27553.48,1068684,3.736
2024/3/20,191808,40832,21.29%,1082,4254450,0.56%,2.65%,22.18,3932.02,29357.23,1140999,3.729
2024/3/21,190294,40022,21.03%,1035,3760130,0.54%,2.59%,19.76,3632.98,25946.25,1014569,3.706
2024/3/22,196591,41672,21.20%,1180,6206130,0.60%,2.83%,31.57,5259.43,42824.52,1697902,3.655
2024/3/23,196315,41657,21.22%,1215,5811140,0.62%,2.92%,29.6,4782.83,40098.95,1599992,3.632
2024/3/24,198060,42173,21.29%,1115,4528070,0.56%,2.64%,22.86,4061.05,31245.31,1229878,3.682
2024/3/25,194763,41491,21.30%,1198,7495270,0.62%,2.89%,38.48,6256.49,51720.05,2061544,3.636
2024/3/26,196169,41859,21.34%,1073,5591310,0.55%,2.56%,28.5,5210.91,38582.05,1533644,3.646
2024/3/27,193624,41126,21.24%,1229,5661150,0.63%,2.99%,29.24,4606.31,39063.97,1535660,3.686
2024/3/28,193716,41427,21.39%,1156,4576030,0.60%,2.79%,23.62,3958.5,31576.25,1226977,3.73
2024/3/29,194687,41655,21.40%,1412,11404550,0.73%,3.39%,58.58,8076.88,78695.49,3133972,3.639
2024/3/30,195087,41527,21.29%,1377,6966190,0.71%,3.32%,35.71,5058.96,48069.21,1897265,3.672
2024/3/31,199562,42048,21.07%,1369,8156640,0.69%,3.26%,40.87,5958.1,56283.74,2156968,3.782
2024/4/1,196464,41311,21.03%,1680,14535390,0.86%,4.07%,73.99,8652.02,100299.41,3852163,3.773
2024/4/2,198518,41799,21.06%,1603,8489491,0.81%,3.84%,42.76,5296,58580.53,2316810,3.664
2024/4/3,198838,42730,21.49%,1578,8258023,0.79%,3.69%,41.53,5233.22,56983.32,2235766,3.694
2024/4/4,197619,42706,21.61%,1426,8334780,0.72%,3.34%,42.18,5844.87,57512.97,2285304,3.647
2024/4/5,194295,41356,21.29%,1401,8272278,0.72%,3.39%,42.58,5904.55,57081.69,2264043,3.654
2024/4/6,195256,41819,21.42%,1219,6795277,0.62%,2.91%,34.8,5574.47,46889.85,1859462,3.654
2024/4/7,195882,43073,21.99%,1160,5303029,0.59%,2.69%,27.07,4571.58,36592.8,1451368,3.654
2024/4/8,199711,41652,20.86%,1342,6361594,0.67%,3.22%,31.85,4740.38,43897.28,1749203,3.637
2024/4/9,199166,41594,20.88%,1181,5169655,0.59%,2.84%,25.96,4377.35,35672.47,1409125,3.669
2024/4/10,194360,40566,20.87%,1183,5588952,0.61%,2.92%,28.76,4724.39,38565.77,1537116,3.636
2024/4/11,193382,40992,21.20%,1119,4896067,0.58%,2.73%,25.32,4375.39,33784.62,1344095,3.643
2024/4/12,192991,40439,20.95%,1222,8430464,0.63%,3.02%,43.68,6898.91,58173.23,2312698,3.645
2024/4/13,195266,41966,21.49%,1044,5334414,0.53%,2.49%,27.32,5109.59,36809.37,1471531,3.625
2024/4/14,197364,42946,21.76%,985,4956016,0.50%,2.29%,25.11,5031.49,34198.29,1357610,3.651
2024/4/15,195743,41110,21.00%,1344,6585433,0.69%,3.27%,33.64,4899.88,45441.85,1791055,3.677
2024/4/16,198294,41584,20.97%,1089,4107202,0.55%,2.62%,20.71,3771.54,28341.17,1122133,3.66
2024/4/17,196133,41914,21.37%,1092,5371264,0.56%,2.61%,27.39,4918.74,37063.65,1468829,3.657
2024/4/18,190841,39027,20.45%,976,5354973,0.51%,2.50%,28.06,5486.65,36951.24,1466130,3.652
2024/4/19,192431,38822,20.17%,1176,5514430,0.61%,3.03%,28.66,4689.14,38051.55,1505415,3.663
2024/4/20,194959,41017,21.04%,1066,4838698,0.55%,2.60%,24.82,4539.12,33388.75,1322335,3.659
2024/4/21,200889,44801,22.30%,1144,5050746,0.57%,2.55%,25.14,4414.99,34851.96,1375282,3.673
2024/4/22,198887,42259,21.25%,1081,4420453,0.54%,2.56%,22.23,4089.23,30502.71,1204256,3.671
2024/4/23,199451,42182,21.15%,1020,4136607,0.51%,2.42%,20.74,4055.5,28544.07,1132972,3.651
2024/4/24,197312,42536,21.56%,1113,5217361,0.56%,2.62%,26.44,4687.66,36001.66,1429008,3.651
2024/4/25,194525,41378,21.27%,1017,5267167,0.52%,2.46%,27.08,5179.12,36345.34,1435556,3.669
2024/4/26,193750,41048,21.19%,1231,6429092,0.64%,3.00%,33.18,5222.66,44363.04,1759400,3.654
2024/4/27,196579,42086,21.41%,1082,5520914,0.55%,2.57%,28.08,5102.51,38096.29,1512313,3.651
2024/4/28,197139,42215,21.41%,1027,5351835,0.52%,2.43%,27.15,5211.13,36929.58,1462006,3.661
2024/4/29,203169,44091,21.70%,1350,4933280,0.66%,3.06%,24.28,3654.28,34041.4,1356610,3.636
2024/4/30,199082,42663,21.43%,1420,10492577,0.71%,3.33%,52.7,7389.14,72402.55,2815016,3.727
2024/5/1,196896,42977,21.83%,1891,14032438,0.96%,4.40%,71.27,7420.64,90913.11,3719694,3.772
2024/5/2,195518,42087,21.53%,1612,9962064,0.82%,3.83%,50.95,6179.94,64542.04,2726734,3.653
2024/5/3,196505,41379,21.06%,1456,7213850,0.74%,3.52%,36.71,4954.57,46736.96,1970182,3.662
2024/5/4,194438,41932,21.57%,1321,7742702,0.68%,3.15%,39.82,5861.24,50163.28,2132881,3.63
2024/5/5,196783,42310,21.50%,1310,5912850,0.67%,3.10%,30.05,4513.63,38308.07,1619510,3.651
2024/5/6,205306,45812,22.31%,1428,4916426,0.70%,3.12%,23.95,3442.88,31852.45,1341094,3.666
2024/5/7,203753,43638,21.42%,1230,7331807,0.60%,2.82%,35.98,5960.82,47501.18,2029792,3.612
2024/5/8,201406,43483,21.59%,1197,5387266,0.59%,2.75%,26.75,4500.64,34902.92,1480802,3.638
2024/5/9,196694,42936,21.83%,1166,4766557,0.59%,2.72%,24.23,4087.96,30881.48,1299405,3.668
2024/5/10,196568,42185,21.46%,1267,6724396,0.64%,3.00%,34.21,5307.34,43565.9,1844656,3.645
2024/5/11,199587,44261,22.18%,1288,5603999,0.65%,2.91%,28.08,4350.93,36307.09,1542802,3.632
2024/5/12,203530,46090,22.65%,1135,4275435,0.56%,2.46%,21.01,3766.9,27699.61,1173983,3.642
2024/5/13,200655,44047,21.95%,1222,5159421,0.61%,2.77%,25.71,4222.11,33426.76,1415985,3.644
2024/5/14,199066,43291,21.75%,1214,5605014,0.61%,2.80%,28.16,4616.98,36313.66,1540472,3.639
2024/5/15,201532,43245,21.46%,1368,6583631,0.68%,3.16%,32.67,4812.6,42653.91,1823441,3.611
2024/5/16,198516,43211,21.77%,1120,5196775,0.56%,2.59%,26.18,4639.98,33668.77,1431116,3.631
2024/5/17,198718,42162,21.22%,1226,6497854,0.62%,2.91%,32.7,5300.04,42098.18,1787429,3.635
2024/5/18,201263,44227,21.97%,1165,5557443,0.58%,2.63%,27.61,4770.34,36005.46,1537766,3.614
2024/5/19,204838,45222,22.08%,1173,6713491,0.57%,2.59%,32.77,5723.35,43495.24,1854394,3.62
2024/5/20,201912,43394,21.49%,1379,5753437,0.68%,3.18%,28.49,4172.18,37275.26,1585287,3.629
2024/5/21,203427,43367,21.32%,1363,5387038,0.67%,3.14%,26.48,3952.34,34901.44,1487324,3.622
2024/5/22,204496,43556,21.30%,1228,9079772,0.60%,2.82%,44.4,7393.95,58825.86,2543951,3.569
2024/5/23,203060,43478,21.41%,1075,7071070,0.53%,2.47%,34.82,6577.74,45811.92,1957142,3.613
2024/5/24,199486,42462,21.29%,1330,9584514,0.67%,3.13%,48.05,7206.4,62095.98,2654058,3.611
2024/5/25,200023,43513,21.75%,1317,8190343,0.66%,3.03%,40.95,6218.94,53063.45,2275653,3.599
2024/5/26,204566,45396,22.19%,1151,5906835,0.56%,2.54%,28.87,5131.92,38269.1,1635913,3.611
2024/5/27,206027,44366,21.53%,1431,7041351,0.69%,3.23%,34.18,4920.58,45619.38,1959097,3.594
2024/5/28,208428,44555,21.38%,1264,6804497,0.61%,2.84%,32.65,5383.3,44084.85,1882043,3.615
2024/5/29,207291,44248,21.35%,1169,5443620,0.56%,2.64%,26.26,4656.65,35268.03,1503937,3.62
2024/5/30,205056,43709,21.32%,1132,6756205,0.55%,2.59%,32.95,5968.38,43771.98,1889183,3.576
2024/5/31,204836,44244,21.60%,1577,14033489,0.77%,3.56%,68.51,8898.85,90919.92,3803641,3.689
2024/6/1,208233,45255,21.73%,2025,15386869,0.97%,4.47%,73.89,7598.45,99688.17,4112967,3.741
2024/6/2,213831,47127,22.04%,1677,9440579,0.78%,3.56%,44.15,5629.44,61163.45,2567938,3.676
2024/6/3,208788,44725,21.42%,1867,9719227,0.89%,4.17%,46.55,5205.8,62968.75,2667727,3.643
2024/6/4,208091,43973,21.13%,1623,8815592,0.78%,3.69%,42.36,5431.66,57114.3,2428825,3.63
2024/6/5,206847,44503,21.51%,1685,9328612,0.81%,3.79%,45.1,5536.27,60438.04,2579521,3.616
2024/6/6,208741,44569,21.35%,1593,8065377,0.76%,3.57%,38.64,5063.01,52253.82,2244377,3.594
2024/6/7,211138,44848,21.24%,1576,9537458,0.75%,3.51%,45.17,6051.69,61791.11,2633121,3.622
2024/6/8,211011,46428,22.00%,1474,7473508,0.70%,3.17%,35.42,5070.22,48419.23,2064683,3.62
2024/6/9,215886,48290,22.37%,1458,5854674,0.68%,3.02%,27.12,4015.55,37931.16,1627184,3.598
2024/6/10,212510,45202,21.27%,1401,7901252,0.66%,3.10%,37.18,5639.72,51190.49,2188369,3.611
2024/6/11,212651,45302,21.30%,1541,7267943,0.72%,3.40%,34.18,4716.38,47087.42,2007112,3.621
2024/6/12,213762,44935,21.02%,1428,8855850,0.67%,3.18%,41.43,6201.58,57375.12,2479994,3.571
2024/6/13,212784,44332,20.83%,1293,6695199,0.61%,2.92%,31.46,5178.03,43376.73,1857320,3.605
2024/6/14,211842,43767,20.66%,1505,9222217,0.71%,3.44%,43.53,6127.72,59748.73,2549433,3.617
2024/6/15,212240,44677,21.05%,1313,7167365,0.62%,2.94%,33.77,5458.77,46435.8,1977815,3.624
2024/6/16,217411,45882,21.10%,1384,7214167,0.64%,3.02%,33.18,5212.55,46739.02,2020104,3.571
2024/6/17,216517,45162,20.86%,1688,7500713,0.78%,3.74%,34.64,4443.55,48595.48,2091265,3.587
2024/6/18,215933,45679,21.15%,1492,8399455,0.69%,3.27%,38.9,5629.66,54418.24,2337525,3.593
2024/6/19,215041,44618,20.75%,1289,7873118,0.60%,2.89%,36.61,6107.93,51008.22,2195886,3.585
2024/6/20,213143,45100,21.16%,1178,7114014,0.55%,2.61%,33.38,6039.06,46090.15,1962750,3.625
2024/6/21,214511,42786,19.95%,1094,5792186,0.51%,2.56%,27,5294.5,37526.31,1607124,3.604
2024/6/22,218521,47021,21.52%,1186,5403385,0.54%,2.52%,24.73,4555.97,35007.35,1500356,3.601
2024/6/23,221399,48999,22.13%,1243,6021102,0.56%,2.54%,27.2,4844.01,39009.41,1675229,3.594
2024/6/24,219054,46693,21.32%,1567,7061110,0.72%,3.36%,32.23,4506.13,45747.39,1976840,3.572
2024/6/25,218047,46354,21.26%,1458,8411096,0.67%,3.15%,38.57,5768.93,54493.66,2332614,3.606
2024/6/26,216053,46564,21.55%,1688,9686046,0.78%,3.63%,44.83,5738.18,62753.78,2681755,3.612
2024/6/27,214398,46295,21.59%,1512,7454987,0.71%,3.27%,34.77,4930.55,48299.24,2054928,3.628
2024/6/28,215561,46898,21.76%,1651,13068444,0.77%,3.52%,60.63,7915.47,84667.6,3669246,3.562
2024/6/29,215385,46851,21.75%,1457,10367749,0.68%,3.11%,48.14,7115.82,67170.39,2863664,3.62
2024/6/30,219341,48117,21.94%,1837,11100909,0.84%,3.82%,50.61,6042.96,71920.37,2950195,3.763
2024/7/1,219421,47408,21.61%,2790,20980405,1.27%,5.89%,95.62,7519.86,135927.47,5583094,3.758
2024/7/2,217217,46922,21.60%,1942,12577161,0.89%,4.14%,57.9,6476.4,81484.68,3444767,3.651
2024/7/3,217484,46502,21.38%,1804,10269889,0.83%,3.88%,47.22,5692.84,66536.37,2875822,3.571
2024/7/4,214857,45788,21.31%,1673,8186213,0.78%,3.65%,38.1,4893.13,53036.69,2245321,3.646
2024/7/5,213096,45097,21.16%,1852,11093689,0.87%,4.11%,52.06,5990.11,71873.59,3074320,3.609
2024/7/6,214655,46099,21.48%,1706,13016134,0.79%,3.70%,60.64,7629.62,84328.69,3641926,3.574
2024/7/7,221852,47572,21.44%,1599,7763489,0.72%,3.36%,34.99,4855.22,50297.95,2153535,3.605
2024/7/8,216994,46296,21.34%,1905,8770160,0.88%,4.11%,40.42,4603.76,56819.95,2442139,3.591
2024/7/9,217450,46278,21.28%,1648,7532972,0.76%,3.56%,34.64,4570.98,48804.48,2091573,3.602
2024/7/10,215280,46266,21.49%,1693,9804011,0.79%,3.66%,45.54,5790.91,63518.05,2718695,3.606
2024/7/11,212647,45981,21.62%,1612,8389654,0.76%,3.51%,39.45,5204.5,54354.74,2309651,3.632
2024/7/12,214962,45513,21.17%,1676,11361281,0.78%,3.68%,52.85,6778.81,73607.26,3172520,3.581
2024/7/13,213636,45323,21.22%,1496,7224816,0.70%,3.30%,33.82,4829.42,46808.01,2013053,3.589
2024/7/14,216082,45947,21.26%,1366,6857812,0.63%,2.97%,31.74,5020.36,44430.27,1915463,3.58
2024/7/15,221155,47819,21.62%,1796,7876911,0.81%,3.76%,35.62,4385.81,51032.79,2192096,3.593
2024/7/16,217378,46267,21.28%,1792,8853816,0.82%,3.87%,40.73,4940.75,57361.94,2457159,3.603
2024/7/17,215424,45843,21.28%,1600,8572145,0.74%,3.49%,39.79,5357.59,55537.06,2376313,3.607
2024/7/18,214670,45930,21.40%,1382,7603269,0.64%,3.01%,35.42,5501.64,49259.92,2130452,3.569
2024/7/19,215896,45208,20.94%,1504,10337745,0.70%,3.33%,47.88,6873.5,66976,2869858,3.602
2024/7/20,215092,46203,21.48%,1536,9637515,0.71%,3.32%,44.81,6274.42,62439.36,2681308,3.594
2024/7/21,221589,46686,21.07%,1394,6959646,0.63%,2.99%,31.41,4992.57,45090.03,1919565,3.626
2024/7/22,217271,45852,21.10%,1806,7664340,0.83%,3.94%,35.28,4243.82,49655.59,2122214,3.611
2024/7/23,222501,45662,20.52%,1458,8017538,0.66%,3.19%,36.03,5499,51943.88,2212694,3.623
2024/7/24,221338,46006,20.79%,1530,15129284,0.69%,3.33%,68.35,9888.42,98019.33,4176795,3.622
2024/7/25,214220,46151,21.54%,1558,14771673,0.73%,3.38%,68.96,9481.18,95702.45,4108987,3.595
2024/7/26,214249,45490,21.23%,1480,12767207,0.69%,3.25%,59.59,8626.49,82715.95,3532341,3.614
2024/7/27,213869,45273,21.17%,1543,11038959,0.72%,3.41%,51.62,7154.22,71519.01,3019099,3.656
2024/7/28,216935,46235,21.31%,1381,8724912,0.64%,2.99%,40.22,6317.82,56526.8,2412790,3.616
2024/7/29,217127,46098,21.23%,1736,12604015,0.80%,3.77%,58.05,7260.38,81658.67,3531046,3.569
2024/7/30,219178,46512,21.22%,1448,9950382,0.66%,3.11%,45.4,6871.81,64466.36,2781211,3.578
2024/7/31,216209,46481,21.50%,1704,11908952,0.79%,3.67%,55.08,6988.82,77155.5,3177049,3.748
2024/8/1,215363,46498,21.59%,2437,23637386,1.13%,5.24%,109.76,9699.38,153141.47,6321491,3.739
2024/8/2,215088,46024,21.40%,2161,14170801,1.00%,4.70%,65.88,6557.52,91809.53,3863210,3.668
2024/8/3,212637,45472,21.38%,1790,12530372,0.84%,3.94%,58.93,7000.21,81181.55,3491923,3.588
2024/8/4,215601,46275,21.46%,1729,7800176,0.80%,3.74%,36.18,4511.38,50535.64,2145046,3.636
2024/8/5,216251,45745,21.15%,2116,11216030,0.98%,4.63%,51.87,5300.58,72666.21,3123736,3.591
2024/8/6,218046,47013,21.56%,1699,10777821,0.78%,3.61%,49.43,6343.63,69827.15,2993461,3.6
2024/8/7,219586,46633,21.24%,1513,9404379,0.69%,3.24%,42.83,6215.72,60928.92,2610456,3.603
2024/8/8,216422,46330,21.41%,1462,6079268,0.68%,3.16%,28.09,4158.19,39386.25,1679745,3.619
2024/8/9,216734,45825,21.14%,1557,8755668,0.72%,3.40%,40.4,5623.42,56726.06,2428179,3.606
2024/8/10,214682,45056,20.99%,1469,7839657,0.68%,3.26%,36.52,5336.73,50791.43,2169637,3.613
2024/8/11,216493,43907,20.28%,1323,6829028,0.61%,3.01%,31.54,5161.77,44243.78,1886588,3.62
2024/8/12,210458,45450,21.60%,1774,7767790,0.84%,3.90%,36.91,4378.69,50325.82,2162917,3.591
2024/8/13,219107,45722,20.87%,1442,7021570,0.66%,3.15%,32.05,4869.33,45491.22,1945829,3.609
2024/8/14,221359,46651,21.07%,1376,7816489,0.62%,2.95%,35.31,5680.59,50641.33,2152073,3.632
2024/8/15,220529,46891,21.26%,1648,8713999,0.75%,3.51%,39.51,5287.62,56456.1,2393223,3.641
2024/8/16,222698,48988,22.00%,1874,12119059,0.84%,3.83%,54.42,6466.95,78516.74,3355196,3.612
2024/8/17,221498,47390,21.40%,1494,9412650,0.67%,3.15%,42.5,6300.3,60982.51,2626842,3.583
2024/8/18,228599,48564,21.24%,1457,6461958,0.64%,3.00%,28.27,4435.11,41865.62,1793221,3.604
2024/8/19,225499,47773,21.19%,1817,7895653,0.81%,3.80%,35.01,4345.43,51154.21,2203811,3.583
2024/8/20,226946,47767,21.05%,1779,8570977,0.78%,3.72%,37.77,4817.86,55529.49,2381297,3.599
2024/8/21,224950,47973,21.33%,1561,11849944,0.69%,3.25%,52.68,7591.25,76773.2,3294393,3.597
2024/8/22,222262,47411,21.33%,1439,8567522,0.65%,3.04%,38.55,5953.8,55507.11,2369212,3.616
2024/8/23,220470,46846,21.25%,1573,10900252,0.71%,3.36%,49.44,6929.59,70620.36,2996679,3.637
2024/8/24,220007,46884,21.31%,1438,8324280,0.65%,3.07%,37.84,5788.79,53931.2,2284713,3.643
2024/8/25,223565,47706,21.34%,1478,8519360,0.66%,3.10%,38.11,5764.11,55195.08,2344734,3.633
2024/8/26,221902,47201,21.27%,1944,8596317,0.88%,4.12%,38.74,4421.97,55693.66,2375807,3.618
2024/8/27,223051,47595,21.34%,1659,7668019,0.74%,3.49%,34.38,4622.07,49679.42,2131702,3.597
2024/8/28,225882,47479,21.02%,1595,9462042,0.71%,3.36%,41.89,5932.31,61302.51,2645121,3.577
2024/8/29,225571,48834,21.65%,1540,9521893,0.68%,3.15%,42.21,6183.05,61690.27,2628163,3.623
2024/8/30,228087,49417,21.67%,1677,11721243,0.74%,3.39%,51.39,6989.41,75939.38,3237811,3.62
2024/8/31,243356,51035,20.97%,1799,12589562,0.74%,3.53%,51.73,6998.09,81565.03,3404723,3.698
2024/9/1,261222,52536,20.11%,2731,23802637,1.05%,5.20%,91.12,8715.72,154212.1,6390399,3.725
2024/9/2,246835,51019,20.67%,2610,13568902,1.06%,5.12%,54.97,5198.81,87909.96,3740708,3.627
2024/9/3,241170,51565,21.38%,2082,12928587,0.86%,4.04%,53.61,6209.7,83761.5,3569692,3.622
2024/9/4,240117,50615,21.08%,1987,10148604,0.83%,3.93%,42.27,5107.5,65750.59,2805708,3.617
2024/9/5,239220,50040,20.92%,1808,9549488,0.76%,3.61%,39.92,5281.8,61869.05,2659013,3.591
2024/9/6,239518,49863,20.82%,1813,11026217,0.76%,3.64%,46.04,6081.75,71436.46,3059471,3.604
2024/9/7,241254,50072,20.75%,1601,8780846,0.66%,3.20%,36.4,5484.6,56889.19,2439686,3.599
2024/9/8,245746,51007,20.76%,1533,5789555,0.62%,3.01%,23.56,3776.62,37509.26,1603574,3.61
2024/9/9,238601,49609,20.79%,2103,8877196,0.88%,4.24%,37.21,4221.21,57513.42,2472283,3.591
2024/9/10,236064,48289,20.46%,1763,9027371,0.75%,3.65%,38.24,5120.46,58486.37,2505403,3.603
2024/9/11,235704,48415,20.54%,1628,9951503,0.69%,3.36%,42.22,6112.72,64473.62,2757153,3.609
2024/9/12,235628,48264,20.48%,1468,7278976,0.62%,3.04%,30.89,4958.43,47158.9,2023135,3.598
2024/9/13,232329,47699,20.53%,1615,10181622,0.70%,3.39%,43.82,6304.41,65964.51,2843790,3.58
2024/9/14,237027,49265,20.78%,1567,8230668,0.66%,3.18%,34.72,5252.5,53324.7,2297103,3.583
2024/9/15,243431,49669,20.40%,1680,7301776,0.69%,3.38%,30,4346.3,47306.61,2031327,3.595
2024/9/16,243924,51386,21.07%,1868,7025222,0.77%,3.64%,28.8,3760.83,45514.88,1955854,3.592
2024/9/17,235193,48997,20.83%,1466,6864082,0.62%,2.99%,29.18,4682.18,44470.89,1899492,3.614
2024/9/18,234519,49419,21.07%,1380,7301734,0.59%,2.79%,31.13,5291.11,47306.34,2010703,3.631
2024/9/19,231420,48812,21.09%,1399,6997100,0.60%,2.87%,30.24,5001.5,45332.69,1937650,3.611
2024/9/20,232238,48395,20.84%,1450,10251876,0.62%,3.00%,44.14,7070.26,66419.67,2871428,3.57
2024/9/21,232151,49309,21.24%,1403,7835185,0.60%,2.85%,33.75,5584.59,50762.46,2162644,3.623
2024/9/22,234391,50082,21.37%,1415,6722901,0.60%,2.83%,28.68,4751.17,43556.21,1868842,3.597
2024/9/23,234777,50930,21.69%,1948,6029169,0.83%,3.82%,25.68,3095.06,39061.67,1675470,3.598
2024/9/24,229096,48164,21.02%,1374,11636845,0.60%,2.85%,50.79,8469.32,75392.58,3255043,3.575
2024/9/25,226891,48045,21.18%,1523,12307001,0.67%,3.17%,54.24,8080.76,79734.38,3448013,3.569
2024/9/26,227032,47410,20.88%,1509,11170158,0.66%,3.18%,49.2,7402.36,72369.02,3118252,3.582
2024/9/27,227318,47338,20.82%,1578,10385864,0.69%,3.33%,45.69,6581.66,67287.75,2922256,3.554
2024/9/28,229418,48816,21.28%,1480,8181552,0.65%,3.03%,35.66,5528.08,53006.49,2285370,3.58
2024/9/29,239540,50078,20.91%,1473,6403621,0.61%,2.94%,26.73,4347.33,41487.66,1785424,3.587
2024/9/30,230035,48886,21.25%,2306,13578814,1.00%,4.72%,59.03,5888.47,87974.18,3654008,3.716
2024/10/1,229036,48318,21.10%,2539,21526526,1.11%,5.25%,93.99,8478.35,139465.67,5765004,3.734
2024/10/2,227255,48459,21.32%,2069,12558991,0.91%,4.27%,55.26,6070.08,81366.96,3452608,3.638
2024/10/3,226472,47991,21.19%,2074,12218512,0.92%,4.32%,53.95,5891.28,79161.08,3374193,3.621
2024/10/4,225019,48154,21.40%,1997,13503458,0.89%,4.15%,60.01,6761.87,87485.96,3758751,3.593
2024/10/5,227437,49036,21.56%,1813,10555765,0.80%,3.70%,46.41,5822.26,68388.5,2948593,3.58
2024/10/6,231692,50469,21.78%,1663,9481270,0.72%,3.30%,40.92,5701.3,61427.08,2642829,3.588
2024/10/7,226560,48259,21.30%,2038,9391766,0.90%,4.22%,41.45,4608.32,60847.2,2578120,3.643
2024/10/8,227677,48607,21.35%,1506,7196715,0.66%,3.10%,31.61,4778.7,46625.95,1992227,3.612
2024/10/9,226339,47955,21.19%,1543,7405516,0.68%,3.22%,32.72,4799.43,47978.72,2032191,3.644
2024/10/10,226332,47862,21.15%,1486,8554048,0.66%,3.10%,37.79,5756.43,55419.81,2371864,3.606
2024/10/11,223650,46824,20.94%,1434,7860891,0.64%,3.06%,35.15,5481.79,50929,2169090,3.624
2024/10/12,225185,47556,21.12%,1328,7952934,0.59%,2.79%,35.32,5988.66,51525.33,2181833,3.645
2024/10/13,232309,48347,20.81%,1330,5083793,0.57%,2.75%,21.88,3822.4,32936.79,1397683,3.637
2024/10/14,233777,50284,21.51%,2062,6808597,0.88%,4.10%,29.12,3301.94,44111.42,1893590,3.596
2024/10/15,227998,48809,21.41%,1466,8500283,0.64%,3.00%,37.28,5798.28,55071.48,2354633,3.61
2024/10/16,226679,48407,21.35%,1527,9469085,0.67%,3.15%,41.77,6201.1,61348.14,2619813,3.614
2024/10/17,226007,48360,21.40%,1404,7881929,0.62%,2.90%,34.87,5613.91,51065.3,2209343,3.568
2024/10/18,223631,48164,21.54%,1622,10238275,0.73%,3.37%,45.78,6312.13,66331.55,2854034,3.587
2024/10/19,227165,49492,21.79%,1440,7092102,0.63%,2.91%,31.22,4925.07,45948.18,1939960,3.656
2024/10/20,228045,49674,21.78%,1481,8664572,0.65%,2.98%,38,5850.49,56135.87,2424632,3.574
2024/10/21,223551,47699,21.34%,1977,10236728,0.88%,4.14%,45.79,5177.91,66321.53,2845075,3.598
2024/10/22,224199,48001,21.41%,1555,8896475,0.69%,3.24%,39.68,5721.21,57638.32,2494171,3.567
2024/10/23,223630,48528,21.70%,1563,11361346,0.70%,3.22%,50.8,7268.94,73607.68,3152170,3.604
2024/10/24,222327,47849,21.52%,1327,8922889,0.60%,2.77%,40.13,6724.11,57809.45,2467579,3.616
2024/10/25,220132,47582,21.62%,1574,11537330,0.72%,3.31%,52.41,7329.94,74747.85,3218964,3.584
2024/10/26,223687,47704,21.33%,1546,8190233,0.69%,3.24%,36.61,5297.69,53062.73,2277368,3.596
2024/10/27,231679,49632,21.42%,1970,9842612,0.85%,3.97%,42.48,4996.25,63768.14,2746461,3.584
2024/10/28,224576,48168,21.45%,2248,9233235,1.00%,4.67%,41.11,4107.31,59820.12,2576030,3.584
2024/10/29,221540,47670,21.52%,1644,10971980,0.74%,3.45%,49.53,6673.95,71085.07,3098655,3.541
2024/10/30,221658,47065,21.23%,1485,9035443,0.67%,3.16%,40.76,6084.47,58538.67,2521557,3.583
2024/10/31,218332,46958,21.51%,1901,14956419,0.87%,4.05%,68.5,7867.66,96899.38,4048010,3.695
2024/11/1,220769,47990,21.74%,2617,25890616,1.19%,5.45%,117.27,9893.24,167739.66,7009535,3.694
2024/11/2,223466,49203,22.02%,2401,13112251,1.07%,4.88%,58.68,5461.16,84951.42,3627345,3.615
2024/11/3,220126,47945,21.78%,1976,9838310,0.90%,4.12%,44.69,4978.9,63740.27,2713410,3.626
2024/11/4,224739,50004,22.25%,2768,13809181,1.23%,5.54%,61.45,4988.87,89466.67,3867053,3.571
2024/11/5,221890,48107,21.68%,1872,11000791,0.84%,3.89%,49.58,5876.49,71271.73,3093400,3.556
2024/11/6,222652,48030,21.57%,1678,8983639,0.75%,3.49%,40.35,5353.78,58203.04,2507513,3.583
2024/11/7,218801,46921,21.44%,1503,7253201,0.69%,3.20%,33.15,4825.82,46991.91,2042336,3.551
2024/11/8,217307,46488,21.39%,1645,8896192,0.76%,3.54%,40.94,5408.02,57636.49,2495823,3.564
2024/11/9,218011,47495,21.79%,1415,7573038,0.65%,2.98%,34.74,5351.97,49064.06,2142190,3.535
2024/11/10,229992,49326,21.45%,1408,5594903,0.61%,2.85%,24.33,3973.65,36248.16,1575042,3.552
2024/11/11,222114,47257,21.28%,2269,8590488,1.02%,4.80%,38.68,3786.02,55655.9,2412794,3.56
2024/11/12,225907,47413,20.99%,1566,9066271,0.69%,3.30%,40.13,5789.45,58738.39,2569068,3.529
2024/11/13,223083,47226,21.17%,1456,10430931,0.65%,3.08%,46.76,7164.1,67579.73,2956844,3.528
2024/11/14,221460,46842,21.15%,1372,8305847,0.62%,2.93%,37.5,6053.82,53811.77,2323432,3.575
2024/11/15,220357,47414,21.52%,1623,10110268,0.74%,3.42%,45.88,6229.37,65502.22,2835128,3.566
2024/11/16,222101,49356,22.22%,1404,8509297,0.63%,2.84%,38.31,6060.75,55129.88,2381426,3.573
2024/11/17,229296,49890,21.76%,1495,8564665,0.65%,3.00%,37.35,5728.87,55488.6,2409798,3.554
2024/11/18,221117,47484,21.47%,2055,7702161,0.93%,4.33%,34.83,3748.01,49900.62,2157413,3.57
2024/11/19,222366,46858,21.07%,1442,7210736,0.65%,3.08%,32.43,5000.51,46716.79,2019161,3.571
2024/11/20,222007,46882,21.12%,1445,7143145,0.65%,3.08%,32.18,4943.35,46278.88,1976605,3.614
2024/11/21,222554,46995,21.12%,1471,6569342,0.66%,3.13%,29.52,4465.9,42561.33,1841191,3.568
2024/11/22,219628,46680,21.25%,1422,8732248,0.65%,3.05%,39.76,6140.82,56574.33,2436700,3.584
2024/11/23,221904,47368,21.35%,1323,7794638,0.60%,2.79%,35.13,5891.64,50499.76,2183099,3.57
2024/11/24,222431,48684,21.89%,1411,7860190,0.63%,2.90%,35.34,5570.65,50924.46,2210725,3.555
2024/11/25,219688,46807,21.31%,2134,10765025,0.97%,4.56%,49,5044.53,69744.25,3012185,3.574
2024/11/26,222871,47153,21.16%,1783,11028450,0.80%,3.78%,49.48,6185.33,71450.92,3098985,3.559
2024/11/27,222090,47271,21.28%,1748,8988974,0.79%,3.70%,40.47,5142.43,58237.6,2517014,3.571
2024/11/28,217714,46677,21.44%,1585,9417891,0.73%,3.40%,43.26,5941.89,61016.46,2681351,3.512
2024/11/29,216343,45713,21.13%,1610,11028187,0.74%,3.52%,50.98,6849.81,71449.22,3095808,3.562
2024/11/30,221397,47462,21.44%,1757,12064800,0.79%,3.70%,54.49,6866.7,78165.21,3196360,3.775
2024/12/1,225333,48512,21.53%,2625,19826469,1.16%,5.41%,87.99,7552.94,128451.37,5314453,3.731
2024/12/2,220537,46475,21.07%,2683,12946263,1.22%,5.77%,58.7,4825.29,83876.02,3550351,3.646
2024/12/3,220196,47186,21.43%,1997,12748770,0.91%,4.23%,57.9,6383.96,82596.5,3569311,3.572
2024/12/4,219854,47525,21.62%,1873,11201422,0.85%,3.94%,50.95,5980.47,72571.57,3163396,3.541
2024/12/5,218211,46960,21.52%,1779,10291903,0.82%,3.79%,47.16,5785.22,66679,2909930,3.537
2024/12/6,218485,46176,21.13%,1669,9150734,0.76%,3.61%,41.88,5482.76,59285.61,2579594,3.547
2024/12/7,218546,47298,21.64%,1510,7329374,0.69%,3.19%,33.54,4853.89,47485.42,2058281,3.561
2024/12/8,220392,48005,21.78%,1623,7090736,0.74%,3.38%,32.17,4368.91,45939.33,1985390,3.571
2024/12/9,217316,46547,21.42%,2583,11591364,1.19%,5.55%,53.34,4487.56,75097.92,3269557,3.545
2024/12/10,222777,46477,20.86%,1816,10876404,0.82%,3.91%,48.82,5989.21,70465.85,3070925,3.542
2024/12/11,217582,46235,21.25%,1815,11357116,0.83%,3.93%,52.2,6257.36,73580.28,3227901,3.518
2024/12/12,215068,45928,21.36%,1685,9885479,0.78%,3.67%,45.96,5866.75,64045.86,2779765,3.556
2024/12/13,212973,45420,21.33%,1912,14819955,0.90%,4.21%,69.59,7751.02,96015.26,4180551,3.545
2024/12/14,218851,46501,21.25%,1639,10831639,0.75%,3.52%,49.49,6608.69,70175.83,3088370,3.507
2024/12/15,222032,47864,21.56%,1654,9543086,0.74%,3.46%,42.98,5769.7,61827.57,2688248,3.55
2024/12/16,221233,46537,21.04%,2469,12008521,1.12%,5.31%,54.28,4863.72,77800.59,3444849,3.486
2024/12/17,222508,45823,20.59%,1941,11734963,0.87%,4.24%,52.74,6045.83,76028.27,3484866,3.367
2024/12/18,220778,46248,20.95%,1542,6891446,0.70%,3.33%,31.21,4469.16,44648.18,1952736,3.529
2024/12/19,218906,45855,20.95%,1403,6551549,0.64%,3.06%,29.93,4669.67,42446.06,1849135,3.543
2024/12/20,213436,45280,21.21%,1495,8235541,0.70%,3.30%,38.59,5508.72,53356.27,2318210,3.553
2024/12/21,215511,46156,21.42%,1502,8273577,0.70%,3.25%,38.39,5508.37,53602.7,2321313,3.564
2024/12/22,224450,47295,21.07%,1474,8075545,0.66%,3.12%,35.98,5478.66,52319.7,2276709,3.547
2024/12/23,217805,45737,21.00%,2237,8739666,1.03%,4.89%,40.13,3906.87,56622.39,2457132,3.557
2024/12/24,215667,44846,20.79%,1655,8643081,0.77%,3.69%,40.08,5222.41,55996.64,2431883,3.554
2024/12/25,214705,44429,20.69%,1811,16463295,0.84%,4.08%,76.68,9090.72,106662.1,4703806,3.5
2024/12/26,215807,45877,21.26%,1637,11470967,0.76%,3.57%,53.15,7007.31,74317.89,3271213,3.507
2024/12/27,214477,45502,21.22%,1922,12691762,0.90%,4.22%,59.18,6603.41,82227.16,3606548,3.519
2024/12/28,215031,44970,20.91%,1632,8996144,0.76%,3.63%,41.84,5512.34,58284.06,2540485,3.541
2024/12/29,216028,45087,20.87%,1597,7529602,0.74%,3.54%,34.85,4714.84,48782.65,2132770,3.53
2024/12/30,215882,45596,21.12%,2401,12090347,1.11%,5.27%,56,5035.55,78330.72,3433430,3.521
2024/12/31,218860,43438,19.85%,2140,16576209,0.98%,4.93%,75.74,7745.89,107393.64,4571015,3.626
2025/1/1,225734,41832,18.53%,2722,24114319,1.21%,6.51%,106.83,8859.04,165087.42,6615665,3.645
2025/1/2,220112,43155,19.61%,2128,13881751,0.97%,4.93%,63.07,6523.38,95034.92,3815872,3.638
2025/1/3,221214,45825,20.72%,2006,11019275,0.91%,4.38%,49.81,5493.16,75438.32,3085098,3.572
2025/1/4,222899,47601,21.36%,1911,9319006,0.86%,4.01%,41.81,4876.51,63798.22,2605914,3.576
2025/1/5,227103,49168,21.65%,1979,9818049,0.87%,4.02%,43.23,4961.12,67214.68,2740096,3.583
2025/1/6,229267,48383,21.10%,2462,9007600,1.07%,5.09%,39.29,3658.65,61666.32,2519596,3.575
2025/1/7,229289,48658,21.22%,1673,8090782,0.73%,3.44%,35.29,4836.09,55389.76,2270858,3.563
2025/1/8,225253,47500,21.09%,1819,8517017,0.81%,3.83%,37.81,4682.25,58307.78,2393098,3.559
2025/1/9,222709,47710,21.42%,2927,13654224,1.31%,6.13%,61.31,4664.92,93477.26,3809528,3.584
2025/1/10,221520,47069,21.25%,2243,11832547,1.01%,4.77%,53.42,5275.32,81006,3302505,3.583
2025/1/11,221982,47843,21.55%,1882,8866477,0.85%,3.93%,39.94,4711.2,60700.19,2469131,3.591
2025/1/12,226944,48541,21.39%,1842,7020520,0.81%,3.79%,30.94,3811.36,48062.71,1966979,3.569
2025/1/13,229016,49805,21.75%,2365,7851092,1.03%,4.75%,34.28,3319.7,53748.83,2200011,3.569
2025/1/14,226886,47671,21.01%,1537,8056156,0.68%,3.22%,35.51,5241.48,55152.71,2254007,3.574
2025/1/15,226266,47378,20.94%,1734,11897613,0.77%,3.66%,52.58,6861.37,81451.45,3362264,3.539
2025/1/16,225020,47000,20.89%,1496,8389875,0.66%,3.18%,37.29,5608.21,57437.36,2378541,3.527
2025/1/17,225653,47543,21.07%,1576,7211203,0.70%,3.31%,31.96,4575.64,49368.13,2037248,3.54
2025/1/18,228315,48838,21.39%,1543,8108234,0.68%,3.16%,35.51,5254.85,55509.24,2262089,3.584
2025/1/19,230602,49823,21.61%,1497,6779855,0.65%,3.00%,29.4,4528.96,46415.11,1903114,3.563
2025/1/20,226045,48136,21.29%,2418,8019677,1.07%,5.02%,35.48,3316.66,54902.97,2253107,3.559
2025/1/21,228494,47922,20.97%,1621,7303198,0.71%,3.38%,31.96,4505.37,49997.93,2037140,3.585
2025/1/22,226573,47960,21.17%,1535,7096036,0.68%,3.20%,31.32,4622.82,48579.69,1983101,3.578
2025/1/23,226034,48146,21.30%,1485,7008026,0.66%,3.08%,31,4719.21,47977.18,1942655,3.607
2025/1/24,225561,47598,21.10%,1771,13275660,0.79%,3.72%,58.86,7496.14,90885.6,3708315,3.58
2025/1/25,227075,49000,21.58%,1577,8878626,0.69%,3.22%,39.1,5630.07,60783.36,2478051,3.583
2025/1/26,243815,50087,20.54%,1636,8323419,0.67%,3.27%,34.14,5087.66,56982.4,2330434,3.572
2025/1/27,229532,48717,21.22%,2567,14221441,1.12%,5.27%,61.96,5540.1,97360.45,3993471,3.561
2025/1/28,228181,48237,21.14%,1719,10961672,0.75%,3.56%,48.04,6376.77,75043.97,3085593,3.553
2025/1/29,226287,48497,21.43%,1559,8935265,0.69%,3.21%,39.49,5731.41,61171.12,2520242,3.545
2025/1/30,224885,47789,21.25%,1450,8409652,0.64%,3.03%,37.4,5799.76,57572.75,2349024,3.58
2025/1/31,222811,47794,21.45%,1851,14949315,0.83%,3.87%,67.09,8076.35,102343.5,4037620,3.703
2025/2/1,227511,50279,22.10%,2828,24134960,1.24%,5.62%,106.08,8534.29,165228.73,6576726,3.67
2025/2/2,230983,51175,22.16%,2389,13357632,1.03%,4.67%,57.83,5591.31,91446.79,3694280,3.616
2025/2/3,225352,50042,22.21%,2674,10702264,1.19%,5.34%,47.49,4002.34,73268.05,2990808,3.578
2025/2/4,226167,49451,21.86%,1825,10269663,0.81%,3.69%,45.41,5627.21,70306.45,2863945,3.586
2025/2/5,226540,49410,21.81%,1877,10489837,0.83%,3.80%,46.3,5588.62,71813.77,2943561,3.564
2025/2/6,223907,49777,22.23%,1728,10708455,0.77%,3.47%,47.83,6197.02,73310.43,2959238,3.619
2025/2/7,227817,49016,21.52%,1717,9189810,0.75%,3.50%,40.34,5352.25,62913.74,2566514,3.581
2025/2/8,228405,50008,21.89%,1531,8472580,0.67%,3.06%,37.09,5534.02,58003.56,2391251,3.543
2025/2/9,240259,50806,21.15%,1595,8790920,0.66%,3.14%,36.59,5511.55,60182.93,2462808,3.569
2025/2/10,229065,49624,21.66%,2615,10166204,1.14%,5.27%,44.38,3887.65,69598.17,2864471,3.549
2025/2/11,235101,51789,22.03%,1705,7083916,0.73%,3.29%,30.13,4154.79,48496.72,1980932,3.576
2025/2/12,229296,50137,21.87%,1578,7241472,0.69%,3.15%,31.58,4589.02,49575.35,2032669,3.563
2025/2/13,227349,49809,21.91%,1595,9898720,0.70%,3.20%,43.54,6206.09,67766.96,2793524,3.543
2025/2/14,226845,49164,21.67%,2097,13677695,0.92%,4.27%,60.3,6522.51,93637.95,3829080,3.572
2025/2/15,230703,50687,21.97%,1670,10486584,0.72%,3.29%,45.45,6279.39,71791.5,2953143,3.551
2025/2/16,236069,52132,22.08%,1594,9268564,0.68%,3.06%,39.26,5814.66,63452.89,2628731,3.526
2025/2/17,231891,50781,21.90%,2395,8293366,1.03%,4.72%,35.76,3462.78,56776.66,2355601,3.521
2025/2/18,228518,50350,22.03%,1616,8077389,0.71%,3.21%,35.35,4998.38,55298.07,2248952,3.592
2025/2/19,227707,50267,22.08%,1514,8939700,0.66%,3.01%,39.26,5904.69,61201.48,2492642,3.586
2025/2/20,225976,49812,22.04%,1470,7409007,0.65%,2.95%,32.79,5040.14,50722.3,2083820,3.555
2025/2/21,225611,49510,21.94%,1714,12094685,0.76%,3.46%,53.61,7056.41,82800.61,3362332,3.597
2025/2/22,227846,50043,21.96%,1556,8219070,0.68%,3.11%,36.07,5282.18,56268.02,2297305,3.578
2025/2/23,236549,50571,21.38%,1633,9988921,0.69%,3.23%,42.23,6116.91,68384.48,2795643,3.573
2025/2/24,233889,51698,22.10%,2556,9710961,1.09%,4.94%,41.52,3799.28,66481.56,2711262,3.582
2025/2/25,230644,50253,21.79%,1827,10477283,0.79%,3.64%,45.43,5734.69,71727.82,2921669,3.586
2025/2/26,232915,50259,21.58%,1662,9385113,0.71%,3.31%,40.29,5646.88,64250.79,2613038,3.592
2025/2/27,229837,50429,21.94%,1615,10278009,0.70%,3.20%,44.72,6364.09,70363.59,2859681,3.594
2025/2/28,229858,49819,21.67%,2023,16348666,0.88%,4.06%,71.13,8081.4,111923.5,4333595,3.773
2025/3/1,231687,50784,21.92%,3949,30100479,1.70%,7.78%,129.92,7622.3,206068.86,7993120,3.766
2025/3/2,234341,51880,22.14%,2496,11819836,1.07%,4.81%,50.44,4735.51,80918.98,3233110,3.656
2025/3/3,229128,50436,22.01%,2965,11365718,1.29%,5.88%,49.6,3833.29,77810.08,3143035,3.616
2025/3/4,229555,50620,22.05%,2077,9945501,0.90%,4.10%,43.33,4788.4,68087.23,2746442,3.621
2025/3/5,229578,50612,22.05%,2133,11895071,0.93%,4.21%,51.81,5576.69,81434.05,3323330,3.579
2025/3/6,226962,49940,22.00%,1925,8114459,0.85%,3.85%,35.75,4215.3,55551.85,2231677,3.636
2025/3/7,227560,49686,21.83%,2068,11924182,0.91%,4.16%,52.4,5766.05,81633.34,3299118,3.614
2025/3/8,227902,50332,22.08%,1816,8440176,0.80%,3.61%,37.03,4647.67,57781.72,2336375,3.613
2025/3/9,239561,50824,21.22%,1825,8468906,0.76%,3.59%,35.35,4640.5,57978.41,2338336,3.622
2025/3/10,233328,50885,21.81%,2604,10976953,1.12%,5.12%,47.05,4215.42,75148.58,3064752,3.582
2025/3/11,233136,50980,21.87%,1883,9554511,0.81%,3.69%,40.98,5074.09,65410.49,2666269,3.583
2025/3/12,232200,51819,22.32%,1861,8262459,0.80%,3.59%,35.58,4439.8,56565.06,2294903,3.6
2025/3/13,230388,51046,22.16%,1787,7220096,0.78%,3.50%,31.34,4040.34,49429.01,1996549,3.616
2025/3/14,231403,50056,21.63%,2139,13786629,0.92%,4.27%,59.58,6445.36,94383.71,3854719,3.577
2025/3/15,231785,50405,21.75%,1808,8079345,0.78%,3.59%,34.86,4468.66,55311.46,2243305,3.602
2025/3/16,234821,51963,22.13%,1950,9524092,0.83%,3.75%,40.56,4884.15,65202.25,2700275,3.527
2025/3/17,233150,51693,22.17%,2660,8900155,1.14%,5.15%,38.17,3345.92,60930.75,2492703,3.57
2025/3/18,233728,51659,22.10%,1817,6741470,0.78%,3.52%,28.84,3710.22,46152.32,1880822,3.584
2025/3/19,232070,51874,22.35%,1878,7412290,0.81%,3.62%,31.94,3946.91,50744.78,2067407,3.585
2025/3/20,236565,51898,21.94%,1712,8340235,0.72%,3.30%,35.26,4871.63,57097.52,2317131,3.599
2025/3/21,234065,51296,21.92%,1816,12201810,0.78%,3.54%,52.13,6719.06,83533.99,3401366,3.587
2025/3/22,236197,52275,22.13%,1658,7789615,0.70%,3.17%,32.98,4698.2,53327.96,2172728,3.585
2025/3/23,245735,52862,21.51%,1675,7191060,0.68%,3.17%,29.26,4293.17,49230.23,2010231,3.577
2025/3/24,239202,52312,21.87%,2487,10950206,1.04%,4.75%,45.78,4402.98,74965.47,3101006,3.531
2025/3/25,242158,52812,21.81%,1905,12987760,0.79%,3.61%,53.63,6817.72,88914.63,3626134,3.582
2025/3/26,240950,53143,22.06%,1899,11780387,0.79%,3.57%,48.89,6203.47,80648.91,3298733,3.571
2025/3/27,239709,52938,22.08%,1912,9903962,0.80%,3.61%,41.32,5179.9,67802.85,2763188,3.584
2025/3/28,240386,52841,21.98%,1807,9815576,0.75%,3.42%,40.83,5431.97,67197.75,2706095,3.627
2025/3/29,238784,52089,21.81%,1662,9333725,0.70%,3.19%,39.09,5615.96,63898.99,2589648,3.604
2025/3/30,239938,52647,21.94%,1759,10274483,0.73%,3.34%,42.82,5841.09,70339.45,2950782,3.482
2025/3/31,238483,52913,22.19%,2979,17774535,1.25%,5.63%,74.53,5966.61,121685.05,4684001,3.795
2025/4/1,243876,52962,21.72%,4660,33867110,1.91%,8.80%,138.87,7267.62,231855.34,8905250,3.803
2025/4/2,240113,53395,22.24%,2481,12267581,1.03%,4.65%,51.09,4944.61,83984.26,3361022,3.65
2025/4/3,242802,53283,21.95%,2265,11705814,0.93%,4.25%,48.21,5168.13,80138.39,3218397,3.637
2025/4/4,236734,52441,22.15%,2238,15666696,0.95%,4.27%,66.18,7000.31,107254.71,4335472,3.614
2025/4/5,238004,52501,22.06%,2184,13364311,0.92%,4.16%,56.15,6119.19,91492.51,3739779,3.574
2025/4/6,250276,54771,21.88%,1955,9018962,0.78%,3.57%,36.04,4613.28,61744.11,2514386,3.587
2025/4/7,243309,52877,21.73%,2769,10049540,1.14%,5.24%,41.3,3629.3,68799.48,2801524,3.587
2025/4/8,241880,51544,21.31%,1796,10022930,0.74%,3.48%,41.44,5580.7,68617.31,2804319,3.574
2025/4/9,239403,51259,21.41%,1705,9483972,0.71%,3.33%,39.62,5562.45,64927.58,2660657,3.565
2025/4/10,236537,50807,21.48%,1783,11093833,0.75%,3.51%,46.9,6222,75948.74,3109075,3.568
2025/4/11,237479,50277,21.17%,1838,12282523,0.77%,3.66%,51.72,6682.55,84086.55,3447071,3.563
2025/4/12,250307,53290,21.29%,1749,9764120,0.70%,3.28%,39.01,5582.69,66845.49,2737536,3.567
2025/4/13,251676,54906,21.82%,1698,7755324,0.67%,3.09%,30.81,4567.33,53093.2,2166568,3.58
2025/4/14,239876,51792,21.59%,2765,11878024,1.15%,5.34%,49.52,4295.85,81317.34,3316254,3.582
2025/4/15,238400,50455,21.16%,2064,13740467,0.87%,4.09%,57.64,6657.2,94067.69,3887081,3.535
2025/4/16,239371,50873,21.25%,1822,9092161,0.76%,3.58%,37.98,4990.21,62245.23,2549976,3.566
2025/4/17,237692,51059,21.48%,1747,8563978,0.73%,3.42%,36.03,4902.11,58629.27,2393915,3.577
2025/4/18,239062,50990,21.33%,1887,15334446,0.79%,3.70%,64.14,8126.36,104980.12,4345710,3.529
2025/4/19,242012,52230,21.58%,1658,7278068,0.69%,3.17%,30.07,4389.67,49825.89,2052145,3.547
2025/4/20,252678,54265,21.48%,1704,7601171,0.67%,3.14%,30.08,4460.78,52037.87,2110124,3.602
2025/4/21,241176,51191,21.23%,2558,10236022,1.06%,5.00%,42.44,4001.57,70076.14,2910004,3.518
2025/4/22,240164,51441,21.42%,1637,8037477,0.68%,3.18%,33.47,4909.88,55024.83,2252147,3.569
2025/4/23,239994,51430,21.43%,1770,13546364,0.74%,3.44%,56.44,7653.31,92738.85,3793100,3.571
2025/4/24,238065,50826,21.35%,1644,10775332,0.69%,3.23%,45.26,6554.34,73768.28,3041770,3.542
2025/4/25,234973,49891,21.23%,1856,15052171,0.79%,3.72%,64.06,8110.01,103047.66,4234530,3.555
2025/4/26,246494,51566,20.92%,1927,11858694,0.78%,3.74%,48.11,6153.97,81185.01,3322651,3.569
2025/4/27,244201,52543,21.52%,1828,9253317,0.75%,3.48%,37.89,5061.99,63348.51,2578618,3.588
2025/4/28,240819,51940,21.57%,2528,11655993,1.05%,4.87%,48.4,4610.76,79797.31,3301532,3.53
2025/4/29,246176,53579,21.76%,1958,10401120,0.80%,3.65%,42.25,5312.11,71206.41,2890893,3.598
2025/4/30,240961,51893,21.54%,2119,17806572,0.88%,4.08%,73.9,8403.29,121904.37,4815290,3.698
2025/5/1,240214,51930,21.62%,3588,30547511,1.49%,6.91%,127.17,8513.8,209129.26,8269632,3.694
2025/5/2,238746,51775,21.69%,2778,16696823,1.16%,5.37%,69.94,6010.38,114307,4649525,3.591
2025/5/3,239245,50747,21.21%,2424,12850074,1.01%,4.78%,53.71,5301.19,87972.03,3564551,3.605
2025/5/4,247759,50877,20.53%,2451,11910305,0.99%,4.82%,48.07,4859.37,81538.34,3323295,3.584
2025/5/5,243852,51956,21.31%,2956,13123594,1.21%,5.69%,53.82,4439.65,89844.55,3645477,3.6
2025/5/6,250919,56193,22.39%,2236,13873792,0.89%,3.98%,55.29,6204.74,94980.43,3884944,3.571
2025/5/7,244110,53042,21.73%,1934,9347246,0.79%,3.65%,38.29,4833.12,63991.55,2583630,3.618
2025/5/8,244024,52309,21.44%,1726,8590428,0.71%,3.30%,35.2,4977.07,58810.35,2421881,3.547
2025/5/9,241844,52401,21.67%,1943,14882089,0.80%,3.71%,61.54,7659.34,101883.27,4210634,3.534
2025/5/10,246370,54574,22.15%,1850,9755318,0.75%,3.39%,39.6,5273.14,66785.23,2748732,3.549
2025/5/11,249413,55443,22.23%,1816,8862605,0.73%,3.28%,35.53,4880.29,60673.68,2498983,3.546
2025/5/12,243306,52898,21.74%,2530,10950876,1.04%,4.78%,45.01,4328.41,74970.06,3063381,3.575
2025/5/13,243819,52102,21.37%,1591,9292430,0.65%,3.05%,38.11,5840.62,63616.28,2620819,3.546
2025/5/14,244071,52530,21.52%,1651,11344232,0.68%,3.14%,46.48,6871.13,77662.98,3158493,3.592
2025/5/15,241743,51890,21.46%,1696,11181939,0.70%,3.27%,46.26,6593.12,76551.92,3147366,3.553
2025/5/16,244838,52133,21.29%,1796,14167377,0.73%,3.45%,57.86,7888.29,96990.33,4031052,3.515
2025/5/17,249038,54954,22.07%,1718,9527382,0.69%,3.13%,38.26,5545.62,65224.77,2683980,3.55
2025/5/18,259400,55807,21.51%,1761,7790160,0.68%,3.16%,30.03,4423.71,53331.69,2193132,3.552
2025/5/19,247760,53015,21.40%,2441,12528425,0.99%,4.60%,50.57,5132.5,85770.01,3508361,3.571
2025/5/20,251153,52902,21.06%,1716,10401390,0.68%,3.24%,41.41,6061.42,71208.26,2922368,3.559
2025/5/21,247819,53265,21.49%,1554,9105287,0.63%,2.92%,36.74,5859.26,62335.09,2541107,3.583
2025/5/22,245664,52680,21.44%,1599,7515250,0.65%,3.04%,30.59,4699.97,51449.65,2100979,3.577
2025/5/23,242965,52978,21.80%,1800,11566945,0.74%,3.40%,47.61,6426.08,79187.68,3241724,3.568
2025/5/24,260853,55204,21.16%,1719,9528712,0.66%,3.11%,36.53,5543.17,65233.87,2657376,3.586
2025/5/25,249880,55485,22.20%,1786,12486584,0.71%,3.22%,49.97,6991.37,85483.56,3528904,3.538
2025/5/26,250378,53281,21.28%,2794,14582401,1.12%,5.24%,58.24,5219.18,99831.59,4104310,3.553
2025/5/27,249693,53035,21.24%,1990,10969076,0.80%,3.75%,43.93,5512.1,75094.65,3103441,3.534
2025/5/28,249608,52542,21.05%,1715,8083680,0.69%,3.26%,32.39,4713.52,55341.14,2263929,3.571
2025/5/29,244975,51701,21.10%,1674,8335643,0.68%,3.24%,34.03,4979.48,57066.08,2344042,3.556
2025/5/30,246943,52571,21.29%,2199,15956167,0.89%,4.18%,64.61,7256.1,109236.44,4448352,3.587
2025/5/31,251958,54502,21.63%,1996,13603823,0.79%,3.66%,53.99,6815.54,93132.22,3707492,3.669
2025/6/1,255263,56573,22.16%,4274,23263287,1.67%,7.55%,91.13,5442.98,159261.22,6209802,3.746
2025/6/2,249700,53673,21.49%,3045,14183750,1.22%,5.67%,56.8,4658.05,97102.42,3928197,3.611
2025/6/3,250410,54073,21.59%,2164,12149106,0.86%,4.00%,48.52,5614.19,83173.18,3317454,3.662
2025/6/4,248837,53437,21.47%,2130,12646336,0.86%,3.99%,50.82,5937.25,86577.23,3502867,3.61