日期,总收入,昨日日税前总收入,税前总收入环比昨日,上周税前总收入,税前总收入同比上周,截止当日的月日均收入(美元),上个月的全月日均收入(美元),月日均值同比上个月,截止当日的本季度总收入(人民币),当日双端税前金币收入,昨日日双端税前金币收入,双端税前金币收入环比昨日,上周双端税前金币收入,双端税前金币收入同比上周,当日web充值收入,当日web充值收入占比,昨日web充值收入,web充值收入环比昨日,上周web充值收入,web充值收入同比上周,当日双端税前订阅收入,昨日双端税前订阅收入,双端税前订阅收入环比昨日,上周双端税前订阅收入,双端税前订阅收入同比上周,当日广告收入,昨日广收入,广告收入环比昨日,上周的广告收入,广告收入同比上周,上个月同期税前总收入,税前总收入环比上个月,上个月同期月日均值(美元),截止昨天月日均值同比上个月同期月日均值
2025-03-07,85996.77,60065.29,0.4317,116875.4,-0.2642,99448.75,75988.46,0.3087,36331167.73,28826.66,20623.67,0.3977,45350.38,-0.3644,53219.63,0.6189,34994.45,0.5208,67434.08,-0.2108,2978.06,3442.05,-0.1348,3195.93,-0.0682,972.42,1005.12,-0.0325,895.02,0.0865,66974.55,0.284,92250.07,0.078
2025-03-08,62691.6,85996.77,-0.271,218346.13,-0.7129,94854.11,75988.46,0.2483,36779412.67,25448.07,28826.66,-0.1172,109829.12,-0.7683,33044.68,0.5271,53219.63,-0.3791,96587.86,-0.6579,3179,2978.06,0.0675,11022.35,-0.7116,1019.85,972.42,0.0488,906.8,0.1247,61770.29,0.0149,88440.1,0.0725
2025-03-09,63163.86,62691.6,0.0075,89861.79,-0.2971,91332.97,75988.46,0.2019,37231034.27,22639.49,25448.07,-0.1104,33094.34,-0.3159,36157.16,0.5724,33044.68,0.0942,48116.28,-0.2485,3325.72,3179,0.0462,7720.69,-0.5692,1041.49,1019.85,0.0212,930.47,0.1193,64344.4,-0.0183,85762.8,0.0649
2025-03-10,79867.37,63163.86,0.2644,82771.23,-0.0351,90186.41,75988.46,0.1868,37802085.97,18996.37,22639.49,-0.1609,28055.59,-0.3229,56937.44,0.7129,36157.16,0.5747,49831.37,0.1426,2944.54,3325.72,-0.1146,3953.61,-0.2552,989.01,1041.49,-0.0504,930.66,0.0627,73309.72,0.0895,84517.49,0.0671
2025-03-11,69378.18,79867.37,-0.1313,73200.88,-0.0522,88294.75,75988.46,0.1619,38298139.96,21390.36,18996.37,0.126,23794.69,-0.101,44397.01,0.6399,56937.44,-0.2202,44676.94,-0.0063,2651.38,2944.54,-0.0996,3768.05,-0.2964,939.43,989.01,-0.0501,961.2,-0.0226,53075.6,0.3072,81659.13,0.0813
2025-03-12,60597.27,69378.18,-0.1266,85899.17,-0.2946,85986.63,75988.46,0.1316,38731410.44,18493.6,21390.36,-0.1354,24934.07,-0.2583,38650.71,0.6378,44397.01,-0.1294,56641.2,-0.3176,2484.7,2651.38,-0.0629,3330.58,-0.254,968.27,939.43,0.0307,993.32,-0.0252,53591.84,0.1307,79320.19,0.084
2025-03-13,53682.82,60597.27,-0.1141,60065.29,-0.1063,83501.72,75988.46,0.0989,39115242.6,15180.46,18493.6,-0.1792,20623.67,-0.2639,34804.38,0.6483,38650.71,-0.0995,34994.45,-0.0054,2755.7,2484.7,0.1091,3442.05,-0.1994,942.28,968.27,-0.0268,1005.12,-0.0625,71857.92,-0.2529,78746.17,0.0604
2025-03-14,98465.77,53682.82,0.8342,85996.77,0.145,84570.58,75988.46,0.1129,39819272.86,26664.96,15180.46,0.7565,28826.66,-0.075,68127.91,0.6919,34804.38,0.9575,53219.63,0.2801,2765.62,2755.7,0.0036,2978.06,-0.0713,907.29,942.28,-0.0371,972.42,-0.067,99099.93,-0.0064,80200.01,0.0545
2025-03-15,59185.07,98465.77,-0.3989,62691.6,-0.0559,82878.21,75988.46,0.0907,40242446.11,17706.85,26664.96,-0.336,25448.07,-0.3042,37741.24,0.6377,68127.91,-0.446,33044.68,0.1421,2804.44,2765.62,0.014,3179,-0.1178,932.54,907.29,0.0278,1019.85,-0.0856,75718.99,-0.2184,79901.28,0.0373
2025-03-16,68978.69,59185.07,0.1655,63163.86,0.0921,82009.49,75988.46,0.0792,40735643.74,17708.02,17706.85,0.0001,22639.49,-0.2178,47608.21,0.6902,37741.24,0.2614,36157.16,0.3167,2733.56,2804.44,-0.0253,3325.72,-0.1781,928.9,932.54,-0.0039,1041.49,-0.1081,67196.79,0.0265,79107.25,0.0367
2025-03-17,65109.37,68978.69,-0.0561,79867.37,-0.1848,81015.37,75988.46,0.0662,41201175.74,19428.77,17708.02,0.0972,18996.37,0.0228,41656.29,0.6398,47608.21,-0.125,56937.44,-0.2684,3050.98,2733.56,0.1161,2944.54,0.0361,973.33,928.9,0.0478,989.01,-0.0159,60429.97,0.0774,78008.58,0.0385
2025-03-18,49577.84,65109.37,-0.2385,69378.18,-0.2854,79268.84,75988.46,0.0432,41555657.3,14063.12,19428.77,-0.2762,21390.36,-0.3425,32150.2,0.6485,41656.29,-0.2282,44397.01,-0.2758,2372.15,3050.98,-0.2225,2651.38,-0.1053,992.37,973.33,0.0196,939.43,0.0564,58811.92,-0.157,76942.1,0.0302
2025-03-19,53894.02,49577.84,0.0871,60597.27,-0.1106,77933.32,75988.46,0.0256,41940999.54,15005.2,14063.12,0.067,18493.6,-0.1886,35754.57,0.6634,32150.2,0.1121,38650.71,-0.0749,2140.69,2372.15,-0.0976,2484.7,-0.1385,993.56,992.37,0.0012,968.27,0.0261,65346.93,-0.1753,76331.83,0.021
2025-03-20,61498.59,53894.02,0.1411,53682.82,0.1456,77111.59,75988.46,0.0148,42380714.46,20384.27,15005.2,0.3585,15180.46,0.3428,37058.91,0.6026,35754.57,0.0365,34804.38,0.0648,3027.49,2140.69,0.4143,2755.7,0.0986,1027.93,993.56,0.0346,942.28,0.0909,54735.25,0.1236,75252,0.0247
2025-03-21,87428.34,61498.59,0.4216,98465.77,-0.1121,77602.86,75988.46,0.0212,43005827.09,23869.31,20384.27,0.171,26664.96,-0.1048,59699.32,0.6828,37058.91,0.6109,68127.91,-0.1237,2846.05,3027.49,-0.0599,2765.62,0.0291,1013.66,1027.93,-0.0139,907.29,0.1172,86855,0.0066,75804.52,0.0237
2025-03-22,57378.69,87428.34,-0.3437,59185.07,-0.0305,76683.58,75988.46,0.0091,43416084.72,14338.13,23869.31,-0.3993,17706.85,-0.1902,39065.69,0.6808,59699.32,-0.3456,37741.24,0.0351,2919.09,2846.05,0.0257,2804.44,0.0409,1055.79,1013.66,0.0416,932.54,0.1322,60335.42,-0.049,75101.38,0.0211
2025-03-23,52641.29,57378.69,-0.0826,68978.69,-0.2368,75638.26,75988.46,-0.0046,43792469.94,14733.62,14338.13,0.0276,17708.02,-0.168,34510.99,0.6556,39065.69,-0.1166,47608.21,-0.2751,2338.25,2919.09,-0.199,2733.56,-0.1446,1058.43,1055.79,0.0025,928.9,0.1394,72338.56,-0.2723,74981.26,0.0088
2025-03-24,78622.55,52641.29,0.4936,65109.37,0.2075,75762.61,75988.46,-0.003,44354621.17,18035.39,14733.62,0.2241,19428.77,-0.0717,57026.6,0.7253,34510.99,0.6524,41656.29,0.369,2548.63,2338.25,0.09,3050.98,-0.1647,1011.92,1058.43,-0.0439,973.33,0.0396,70125.53,0.1212,74778.94,0.0132
2025-03-25,93155.7,78622.55,0.1848,49577.84,0.879,76458.33,75988.46,0.0062,45020684.43,26872.53,18035.39,0.49,14063.12,0.9109,62196.41,0.6677,57026.6,0.0907,32150.2,0.9346,3087.93,2548.63,0.2116,2372.15,0.3017,998.84,1011.92,-0.0129,992.37,0.0065,75814.8,0.2287,74820.37,0.0219
2025-03-26,89051.67,93155.7,-0.0441,53894.02,0.6523,76942.69,75988.46,0.0126,45657403.87,30032.72,26872.53,0.1176,15005.2,1.0015,54613.38,0.6133,62196.41,-0.1219,35754.57,0.5275,3423.08,3087.93,0.1085,2140.69,0.5991,982.48,998.84,-0.0164,993.56,-0.0112,68663.81,0.2969,74583.58,0.0316
2025-03-27,71434.52,89051.67,-0.1978,61498.59,0.1616,76738.68,75988.46,0.0099,46168160.69,19675.77,30032.72,-0.3449,20384.27,-0.0348,48172.46,0.6744,54613.38,-0.1179,37058.91,0.2999,2591.12,3423.08,-0.243,3027.49,-0.1441,995.17,982.48,0.0129,1027.93,-0.0319,71628.47,-0.0027,74474.13,0.0304
2025-03-28,70834.98,71434.52,-0.0084,87428.34,-0.1898,76527.84,75988.46,0.0071,46674630.8,20013.01,19675.77,0.0171,23869.31,-0.1616,47283.81,0.6675,48172.46,-0.0184,59699.32,-0.208,2513.11,2591.12,-0.0301,2846.05,-0.117,1025.05,995.17,0.03,1013.66,0.0112,116875.4,-0.3939,75988.46,0.0071
2025-03-29,68629.42,70834.98,-0.0311,57378.69,0.1961,76255.48,75988.46,0.0035,47165331.15,21668.31,20013.01,0.0827,14338.13,0.5112,42592.35,0.6206,47283.81,-0.0992,39065.69,0.0903,3335.01,2513.11,0.327,2919.09,0.1425,1033.75,1025.05,0.0085,1055.79,-0.0209,116875.4,-0.4128,75988.46,0.0035
2025-03-30,73994.7,68629.42,0.0782,52641.29,0.4056,76180.12,75988.46,0.0025,47694393.26,16595.95,21668.31,-0.2341,14733.62,0.1264,53810.93,0.7272,42592.35,0.2634,34510.99,0.5592,2538.23,3335.01,-0.2389,2338.25,0.0855,1049.59,1033.75,0.0153,1058.43,-0.0084,116875.4,-0.3669,75988.46,0.0025
2025-03-31,125887.07,73994.7,0.7013,78622.55,0.6012,77783.57,75988.46,0.0236,48594485.81,51231.81,16595.95,2.087,18035.39,1.8406,70708.66,0.5617,53810.93,0.314,57026.6,0.2399,2994.9,2538.23,0.1799,2548.63,0.1751,951.7,1049.59,-0.0933,1011.92,-0.0595,116875.4,0.0771,75988.46,0.0236
2025-04-01,239149.25,125887.07,0.8997,93155.7,1.5672,239149.25,77783.57,2.0745,1709917.14,112899.64,51231.81,1.2037,26872.53,3.2013,119655.57,0.5003,70708.66,0.6922,62196.41,0.9238,5670.44,2994.9,0.8934,3087.93,0.8363,923.6,951.7,-0.0295,998.84,-0.0753,218346.13,0.0953,218346.13,0.0953
2025-04-02,92155.75,239149.25,-0.6147,89051.67,0.0349,165652.5,77783.57,1.1297,2368830.75,39879.58,112899.64,-0.6468,30032.72,0.3279,44371.84,0.4815,119655.57,-0.6292,54613.38,-0.1875,7021.88,5670.44,0.2383,3423.08,1.0513,882.45,923.6,-0.0446,982.48,-0.1018,89861.79,0.0255,154103.96,0.0749
2025-04-03,84728.58,92155.75,-0.0806,71434.52,0.1861,138677.86,77783.57,0.7829,2974640.1,33477.31,39879.58,-0.1605,19675.77,0.7014,46757.68,0.5519,44371.84,0.0538,48172.46,-0.0294,3734.86,7021.88,-0.4681,2591.12,0.4414,758.74,882.45,-0.1402,995.17,-0.2376,82771.23,0.0236,130326.38,0.0641
2025-04-04,111595.45,84728.58,0.3171,70834.98,0.5754,131907.26,77783.57,0.6958,3772547.57,40587.8,33477.31,0.2124,20013.01,1.0281,66797.4,0.5986,46757.68,0.4286,47283.81,0.4127,3460.18,3734.86,-0.0735,2513.11,0.3769,750.07,758.74,-0.0114,1025.05,-0.2683,73200.88,0.5245,116045.01,0.1367
2025-04-05,95614.08,111595.45,-0.1432,68629.42,0.3932,124648.62,77783.57,0.6025,4456188.24,30370.44,40587.8,-0.2517,21668.31,0.4016,61271.93,0.6408,66797.4,-0.0827,42592.35,0.4386,3184.9,3460.18,-0.0796,3335.01,-0.045,786.81,750.07,0.049,1033.75,-0.2389,85899.17,0.1131,110015.84,0.133
2025-04-06,65563.2,95614.08,-0.3143,73994.7,-0.1139,114801.05,77783.57,0.4759,4924965.12,22080.3,30370.44,-0.273,16595.95,0.3305,39747.26,0.6062,61271.93,-0.3513,53810.93,-0.2614,2933.3,3184.9,-0.079,2538.23,0.1556,802.34,786.81,0.0197,1049.59,-0.2356,60065.29,0.0915,101690.75,0.1289
2025-04-07,72875.71,65563.2,0.1115,125887.07,-0.4211,108811.72,77783.57,0.3989,5446026.45,24191,22080.3,0.0956,51231.81,-0.5278,44776.02,0.6144,39747.26,0.1265,70708.66,-0.3668,3126.89,2933.3,0.066,2994.9,0.0441,781.79,802.34,-0.0256,951.7,-0.1785,85996.77,-0.1526,99448.75,0.0941
2025-04-08,72259.86,72875.71,-0.0085,239149.25,-0.6978,104242.74,77783.57,0.3402,5962684.45,25649.89,24191,0.0603,112899.64,-0.7728,43134.39,0.5969,44776.02,-0.0367,119655.57,-0.6395,2704.84,3126.89,-0.135,5670.44,-0.523,770.74,781.79,-0.0141,923.6,-0.1655,62691.6,0.1526,94854.11,0.099
2025-04-09,68634.83,72259.86,-0.0502,92155.75,-0.2552,100286.3,77783.57,0.2893,6453423.48,25339.02,25649.89,-0.0121,39879.58,-0.3646,39800.04,0.5799,43134.39,-0.0773,44371.84,-0.103,2741.69,2704.84,0.0136,7021.88,-0.6096,754.09,770.74,-0.0216,882.45,-0.1455,63163.86,0.0866,91332.97,0.098
2025-04-10,79623.34,68634.83,0.1601,84728.58,-0.0603,98220.01,77783.57,0.2627,7022730.36,24975.83,25339.02,-0.0143,33477.31,-0.2539,51076.21,0.6415,39800.04,0.2833,46757.68,0.0924,2870.87,2741.69,0.0471,3734.86,-0.2313,700.42,754.09,-0.0712,758.74,-0.0769,79867.37,-0.0031,90186.41,0.0891
2025-04-11,88196.47,79623.34,0.1077,111595.45,-0.2097,97308.77,77783.57,0.251,7653335.12,22141.85,24975.83,-0.1135,40587.8,-0.4545,62026.24,0.7033,51076.21,0.2144,66797.4,-0.0714,3265.03,2870.87,0.1373,3460.18,-0.0564,763.35,700.42,0.0898,750.07,0.0177,69378.18,0.2712,88294.75,0.1021
2025-04-12,70272.07,88196.47,-0.2032,95614.08,-0.265,95055.72,77783.57,0.2221,8155780.42,20128.98,22141.85,-0.0909,30370.44,-0.3372,46755.59,0.6654,62026.24,-0.2462,61271.93,-0.2369,2630.03,3265.03,-0.1945,3184.9,-0.1742,757.46,763.35,-0.0077,786.81,-0.0373,60597.27,0.1597,85986.63,0.1055
2025-04-13,56803.24,70272.07,-0.1917,65563.2,-0.1336,92113.22,77783.57,0.1842,8561923.59,19060.11,20128.98,-0.0531,22080.3,-0.1368,34084.16,0.6,46755.59,-0.271,39747.26,-0.1425,2803.2,2630.03,0.0658,2933.3,-0.0444,855.77,757.46,0.1298,802.34,0.0666,53682.82,0.0581,83501.72,0.1031
2025-04-14,85713.78,56803.24,0.509,72875.71,0.1762,91656.12,77783.57,0.1783,9174777.12,27806.33,19060.11,0.4589,24191,0.1494,54135.69,0.6316,34084.16,0.5883,44776.02,0.209,2971.29,2803.2,0.06,3126.89,-0.0498,800.47,855.77,-0.0646,781.79,0.0239,98465.77,-0.1295,84570.58,0.0838
2025-04-15,97967.18,85713.78,0.143,72259.86,0.3558,92076.85,77783.57,0.1838,9875242.46,22645.85,27806.33,-0.1856,25649.89,-0.1171,71862.44,0.7335,54135.69,0.3275,43134.39,0.666,2602.06,2971.29,-0.1243,2704.84,-0.038,856.83,800.47,0.0704,770.74,0.1117,59185.07,0.6553,82878.21,0.111
2025-04-16,65998.69,97967.18,-0.3263,68634.83,-0.0384,90446.97,77783.57,0.1628,10347133.09,15935.17,22645.85,-0.2963,25339.02,-0.3711,46475.32,0.7042,71862.44,-0.3533,39800.04,0.1677,2753.06,2602.06,0.058,2741.69,0.0041,835.13,856.83,-0.0253,754.09,0.1075,68978.69,-0.0432,82009.49,0.1029
2025-04-17,62470.66,65998.69,-0.0535,79623.34,-0.2154,88801.3,77783.57,0.1416,10793798.31,16557.81,15935.17,0.0391,24975.83,-0.337,42167.64,0.675,46475.32,-0.0927,51076.21,-0.1744,2966.16,2753.06,0.0774,2870.87,0.0332,779.04,835.13,-0.0672,700.42,0.1122,65109.37,-0.0405,81015.37,0.0961
2025-04-18,109794.36,62470.66,0.7575,88196.47,0.2449,89967.58,77783.57,0.1566,11578827.98,27783.05,16557.81,0.6779,22141.85,0.2548,78018.93,0.7106,42167.64,0.8502,62026.24,0.2578,3141.88,2966.16,0.0592,3265.03,-0.0377,850.5,779.04,0.0917,763.35,0.1142,49577.84,1.2146,79268.84,0.135
2025-04-19,53331.94,109794.36,-0.5143,70272.07,-0.2411,88039.39,77783.57,0.1319,11960151.35,13021.7,27783.05,-0.5313,20128.98,-0.3531,36852.04,0.691,78018.93,-0.5277,46755.59,-0.2118,2656.14,3141.88,-0.1546,2630.03,0.0099,802.05,850.5,-0.057,757.46,0.0589,53894.02,-0.0104,77933.32,0.1297
2025-04-20,56025.23,53331.94,0.0505,56803.24,-0.0137,86438.68,77783.57,0.1113,12360731.74,16004.24,13021.7,0.229,19060.11,-0.1603,36560.28,0.6526,36852.04,-0.0079,34084.16,0.0726,2629.23,2656.14,-0.0101,2803.2,-0.0621,831.48,802.05,0.0367,855.77,-0.0284,61498.59,-0.089,77111.59,0.121
2025-04-21,73881.5,56025.23,0.3187,85713.78,-0.138,85840.72,77783.57,0.1036,12888984.47,16277.81,16004.24,0.0171,27806.33,-0.4146,54018.89,0.7312,36560.28,0.4775,54135.69,-0.0022,2781.25,2629.23,0.0578,2971.29,-0.064,803.55,831.48,-0.0336,800.47,0.0038,87428.34,-0.1549,77602.86,0.1062
2025-04-22,58688.75,73881.5,-0.2056,97967.18,-0.4009,84606.54,77783.57,0.0877,13308609.03,19250.63,16277.81,0.1826,22645.85,-0.1499,35949.8,0.6126,54018.89,-0.3345,71862.44,-0.4997,2655.44,2781.25,-0.0452,2602.06,0.0205,832.88,803.55,0.0365,856.83,-0.028,57378.69,0.0228,76683.58,0.1033
2025-04-23,96638.44,58688.75,0.6466,65998.69,0.4642,85129.67,77783.57,0.0944,13999573.88,25960.91,19250.63,0.3486,15935.17,0.6292,67057.19,0.6939,35949.8,0.8653,46475.32,0.4429,2802.9,2655.44,0.0555,2753.06,0.0181,817.44,832.88,-0.0185,835.13,-0.0212,52641.29,0.8358,75638.26,0.1255
2025-04-24,77743.87,96638.44,-0.1955,62470.66,0.2445,84821.93,77783.57,0.0905,14555442.55,18869.93,25960.91,-0.2731,16557.81,0.1396,55260.09,0.7108,67057.19,-0.1759,42167.64,0.3105,2801.65,2802.9,-0.0004,2966.16,-0.0555,812.21,817.44,-0.0064,779.04,0.0426,78622.55,-0.0112,75762.61,0.1196
2025-04-25,106853.31,77743.87,0.3744,109794.36,-0.0268,85703.18,77783.57,0.1018,15319443.72,24076.26,18869.93,0.2759,27783.05,-0.1334,79068.94,0.74,55260.09,0.4309,78018.93,0.0135,2922.29,2801.65,0.0431,3141.88,-0.0699,785.82,812.21,-0.0325,850.5,-0.076,93155.7,0.147,76458.33,0.1209
2025-04-26,85319.09,106853.31,-0.2015,53331.94,0.5998,85688.41,77783.57,0.1016,15929475.21,25090.23,24076.26,0.0421,13021.7,0.9268,56227.59,0.659,79068.94,-0.2889,36852.04,0.5258,3190.66,2922.29,0.0918,2656.14,0.2012,810.62,785.82,0.0316,802.05,0.0107,89051.67,-0.0419,76942.69,0.1137
2025-04-27,66897.31,85319.09,-0.2159,56025.23,0.1941,84992.44,77783.57,0.0927,16407790.98,17471.21,25090.23,-0.3037,16004.24,0.0917,45930.33,0.6866,56227.59,-0.1831,36560.28,0.2563,2701.92,3190.66,-0.1532,2629.23,0.0276,793.85,810.62,-0.0207,831.48,-0.0453,71434.52,-0.0635,76738.68,0.1076
2025-04-28,83404.56,66897.31,0.2468,73881.5,0.1289,84935.73,77783.57,0.0919,17004133.58,21606.63,17471.21,0.2367,16277.81,0.3274,58248.32,0.6984,45930.33,0.2682,54018.89,0.0783,2658.76,2701.92,-0.016,2781.25,-0.044,890.85,793.85,0.1222,803.55,0.1086,70834.98,0.1774,76527.84,0.1099
2025-04-29,75963.8,83404.56,-0.0892,58688.75,0.2944,84626.36,77783.57,0.088,17547274.75,19638.32,21606.63,-0.0911,19250.63,0.0201,52016.91,0.6848,58248.32,-0.107,35949.8,0.4469,3124.12,2658.76,0.175,2655.44,0.1765,1184.45,890.85,0.3296,832.88,0.4221,68629.42,0.1069,76255.48,0.1098
2025-04-30,125783.77,75963.8,0.6558,96638.44,0.3016,85998.27,77783.57,0.1056,18446628.71,49181.69,19638.32,1.5044,25960.91,0.8945,72841.32,0.5791,52016.91,0.4003,67057.19,0.0863,2707.86,3124.12,-0.1332,2802.9,-0.0339,1052.9,1184.45,-0.1111,817.44,0.288,73994.7,0.6999,76180.12,0.1289
2025-05-01,218206.02,125783.77,0.7348,77743.87,1.8067,218206.02,85998.27,1.5373,20006801.75,98471.83,49181.69,1.0022,18869.93,4.2185,110893,0.5082,72841.32,0.5224,55260.09,1.0067,7779.54,2707.86,1.8729,2801.65,1.7768,1061.65,1052.9,0.0083,812.21,0.3071,239149.25,-0.0876,239149.25,-0.0876
2025-05-02,122626.01,218206.02,-0.438,106853.31,0.1476,170416.02,85998.27,0.9816,20883577.72,41794.96,98471.83,-0.5756,24076.26,0.7359,72745.21,0.5932,110893,-0.344,79068.94,-0.08,7023.34,7779.54,-0.0972,2922.29,1.4034,1062.5,1061.65,0.0008,785.82,0.3521,92155.75,0.3306,165652.5,0.0288
2025-05-03,93620.45,122626.01,-0.2365,85319.09,0.0973,144817.49,85998.27,0.684,21552963.94,31031.29,41794.96,-0.2575,25090.23,0.2368,57476.78,0.6139,72745.21,-0.2099,56227.59,0.0222,4066.49,7023.34,-0.421,3190.66,0.2745,1045.89,1062.5,-0.0156,810.62,0.2902,84728.58,0.1049,138677.86,0.0443
2025-05-04,85565.16,93620.45,-0.086,66897.31,0.2791,130004.41,85998.27,0.5117,22164754.83,31521.26,31031.29,0.0158,17471.21,0.8042,49947.93,0.5837,57476.78,-0.131,45930.33,0.0875,3042.44,4066.49,-0.2518,2701.92,0.126,1053.53,1045.89,0.0073,793.85,0.3271,111595.45,-0.2333,131907.26,-0.0144
2025-05-05,94185.67,85565.16,0.1007,83404.56,0.1293,122840.66,85998.27,0.4284,22838182.37,38982.06,31521.26,0.2367,21606.63,0.8042,50965.84,0.5411,49947.93,0.0204,58248.32,-0.125,3155.54,3042.44,0.0372,2658.76,0.1868,1082.23,1053.53,0.0272,890.85,0.2148,95614.08,-0.0149,124648.62,-0.0145
2025-05-06,99355.16,94185.67,0.0549,75963.8,0.3079,118926.41,85998.27,0.3829,23548571.76,38361.74,38982.06,-0.0159,19638.32,0.9534,56663.05,0.5703,50965.84,0.1118,52016.91,0.0893,3156.03,3155.54,0.0002,3124.12,0.0102,1174.34,1082.23,0.0851,1184.45,-0.0085,65563.2,0.5154,114801.05,0.0359
2025-05-07,68076.12,99355.16,-0.3148,125783.77,-0.4588,111662.08,85998.27,0.2984,24035316.02,24537.14,38361.74,-0.3604,49181.69,-0.5011,39167.97,0.5754,56663.05,-0.3088,72841.32,-0.4623,3205.66,3156.03,0.0157,2707.86,0.1838,1165.35,1174.34,-0.0077,1052.9,0.1068,72875.71,-0.0659,108811.72,0.0262
2025-05-08,62796.73,68076.12,-0.0776,218206.02,-0.7122,105553.92,85998.27,0.2274,24484312.64,18563.36,24537.14,-0.2435,98471.83,-0.8115,40256.85,0.6411,39167.97,0.0278,110893,-0.637,2909.7,3205.66,-0.0923,7779.54,-0.626,1066.82,1165.35,-0.0845,1061.65,0.0049,72259.86,-0.131,104242.74,0.0126
2025-05-09,106332.26,62796.73,0.6933,122626.01,-0.1329,105640.4,85998.27,0.2284,25244588.3,29398.44,18563.36,0.5837,41794.96,-0.2966,72477.77,0.6816,40256.85,0.8004,72745.21,-0.0037,3375.3,2909.7,0.16,7023.34,-0.5194,1080.75,1066.82,0.0131,1062.5,0.0172,68634.83,0.5492,100286.3,0.0534
2025-05-10,70908.62,106332.26,-0.3331,93620.45,-0.2426,102167.22,85998.27,0.188,25751584.93,19978.16,29398.44,-0.3204,31031.29,-0.3562,46901.4,0.6614,72477.77,-0.3529,57476.78,-0.184,2901.47,3375.3,-0.1404,4066.49,-0.2865,1127.58,1080.75,0.0433,1045.89,0.0781,79623.34,-0.1094,98220.01,0.0402
2025-05-11,65007.85,70908.62,-0.0832,85565.16,-0.2403,98789.1,85998.27,0.1487,26216391.06,15142.06,19978.16,-0.2421,31521.26,-0.5196,45640.96,0.7021,46901.4,-0.0269,49947.93,-0.0862,3050.79,2901.47,0.0515,3042.44,0.0027,1174.05,1127.58,0.0412,1053.53,0.1144,88196.47,-0.2629,97308.77,0.0152
2025-05-12,79176.47,65007.85,0.218,94185.67,-0.1594,97154.71,85998.27,0.1297,26782502.82,24490.72,15142.06,0.6174,38982.06,-0.3717,50522.12,0.6381,45640.96,0.1069,50965.84,-0.0087,3061.13,3050.79,0.0034,3155.54,-0.0299,1102.5,1174.05,-0.0609,1082.23,0.0187,70272.07,0.1267,95055.72,0.0221
2025-05-13,67707.4,79176.47,-0.1449,99355.16,-0.3185,94889.53,85998.27,0.1034,27266610.73,18112.48,24490.72,-0.2604,38361.74,-0.5279,45564.73,0.673,50522.12,-0.0981,56663.05,-0.1959,2949.33,3061.13,-0.0365,3156.03,-0.0655,1080.86,1102.5,-0.0196,1174.34,-0.0796,56803.24,0.192,92113.22,0.0301
2025-05-14,81774.77,67707.4,0.2078,68076.12,0.2012,93952.76,85998.27,0.0925,27851300.34,26603.96,18112.48,0.4688,24537.14,0.0842,51113.45,0.6251,45564.73,0.1218,39167.97,0.305,2986.15,2949.33,0.0125,3205.66,-0.0685,1071.21,1080.86,-0.0089,1165.35,-0.0808,85713.78,-0.046,91656.12,0.0251
2025-05-15,80443.72,81774.77,-0.0163,62796.73,0.281,93052.16,85998.27,0.082,28426472.94,25500.92,26603.96,-0.0415,18563.36,0.3737,51142.39,0.6358,51113.45,0.0006,40256.85,0.2704,2819.84,2986.15,-0.0557,2909.7,-0.0309,980.57,1071.21,-0.0846,1066.82,-0.0808,97967.18,-0.1789,92076.85,0.0106
2025-05-16,101073.37,80443.72,0.2564,106332.26,-0.0495,93553.49,85998.27,0.0879,29149147.54,23759.84,25500.92,-0.0683,29398.44,-0.1918,73412.79,0.7263,51142.39,0.4355,72477.77,0.0129,2911.6,2819.84,0.0325,3375.3,-0.1374,989.13,980.57,0.0087,1080.75,-0.0848,65998.69,0.5314,90446.97,0.0343
2025-05-17,69174.87,101073.37,-0.3156,70908.62,-0.0245,92119.45,85998.27,0.0712,29643747.86,17656.19,23759.84,-0.2569,19978.16,-0.1162,47608.08,0.6882,73412.79,-0.3515,46901.4,0.0151,2918.18,2911.6,0.0023,2901.47,0.0058,992.42,989.13,0.0033,1127.58,-0.1199,62470.66,0.1073,88801.3,0.0374
2025-05-18,57188.1,69174.87,-0.1733,65007.85,-0.1203,90178.82,85998.27,0.0486,30052642.78,16207.85,17656.19,-0.082,15142.06,0.0704,37138.7,0.6494,47608.08,-0.2199,45640.96,-0.1863,2888.41,2918.18,-0.0102,3050.79,-0.0532,953.14,992.42,-0.0396,1174.05,-0.1882,109794.36,-0.4791,89967.58,0.0023
2025-05-19,89683.15,57188.1,0.5682,79176.47,0.1327,90152.73,85998.27,0.0483,30693877.3,35985.08,16207.85,1.2202,24490.72,0.4693,49902.41,0.5564,37138.7,0.3437,50522.12,-0.0123,2853.9,2888.41,-0.0119,3061.13,-0.0677,941.76,953.14,-0.0119,1102.5,-0.1458,53331.94,0.6816,88039.39,0.024
2025-05-20,75731.87,89683.15,-0.1556,67707.4,0.1185,89431.69,85998.27,0.0399,31235360.17,22511.6,35985.08,-0.3744,18112.48,0.2429,49217.61,0.6499,49902.41,-0.0137,45564.73,0.0802,3038.24,2853.9,0.0646,2949.33,0.0301,964.41,941.76,0.0241,1080.86,-0.1077,56025.23,0.3517,86438.68,0.0346
2025-05-21,67234.31,75731.87,-0.1122,81774.77,-0.1778,88374.67,85998.27,0.0276,31716085.49,21598.96,22511.6,-0.0405,26603.96,-0.1881,41686.71,0.62,49217.61,-0.153,51113.45,-0.1844,2977.07,3038.24,-0.0201,2986.15,-0.003,971.58,964.41,0.0074,1071.21,-0.093,73881.5,-0.09,85840.72,0.0295
2025-05-22,55524.35,67234.31,-0.1742,80443.72,-0.3098,86881.47,85998.27,0.0103,32113084.59,14219.14,21598.96,-0.3417,25500.92,-0.4424,37632.37,0.6778,41686.71,-0.0973,51142.39,-0.2642,2690.44,2977.07,-0.0963,2819.84,-0.0459,982.4,971.58,0.0111,980.57,0.0019,58688.75,-0.0539,84606.54,0.0269
2025-05-23,82761.67,55524.35,0.4905,101073.37,-0.1812,86702.35,85998.27,0.0082,32704830.53,20839.53,14219.14,0.4656,23759.84,-0.1229,58378.75,0.7054,37632.37,0.5513,73412.79,-0.2048,2548.85,2690.44,-0.0526,2911.6,-0.1246,994.54,982.4,0.0124,989.13,0.0055,96638.44,-0.1436,85129.67,0.0185
2025-05-24,69485.35,82761.67,-0.1604,69174.87,0.0045,85984.98,85998.27,-0.0002,33201650.78,15600.47,20839.53,-0.2514,17656.19,-0.1164,49683.93,0.715,58378.75,-0.1489,47608.08,0.0436,3119.04,2548.85,0.2237,2918.18,0.0688,1081.92,994.54,0.0879,992.42,0.0902,77743.87,-0.1062,84821.93,0.0137
2025-05-25,89488.82,69485.35,0.2879,57188.1,0.5648,86125.13,85998.27,0.0015,33841495.84,23966.18,15600.47,0.5362,16207.85,0.4787,61589.95,0.6882,49683.93,0.2396,37138.7,0.6584,2852.12,3119.04,-0.0856,2888.41,-0.0126,1080.57,1081.92,-0.0012,953.14,0.1337,106853.31,-0.1625,85703.18,0.0049
2025-05-26,104028.15,89488.82,0.1625,89683.15,0.16,86813.71,85998.27,0.0095,34585297.11,29283.49,23966.18,0.2219,35985.08,-0.1862,70674.54,0.6794,61589.95,0.1475,49902.41,0.4163,3033.54,2852.12,0.0636,2853.9,0.0629,1036.58,1080.57,-0.0407,941.76,0.1007,85319.09,0.2193,85688.41,0.0131
2025-05-27,78941.67,104028.15,-0.2412,75731.87,0.0424,86522.15,85998.27,0.0061,35149730.05,20156.57,29283.49,-0.3117,22511.6,-0.1046,54984.16,0.6965,70674.54,-0.222,49217.61,0.1172,2772.92,3033.54,-0.0859,3038.24,-0.0873,1028.03,1036.58,-0.0082,964.41,0.066,66897.31,0.18,84992.44,0.018
2025-05-28,59217.1,78941.67,-0.2499,67234.31,-0.1192,85546.97,85998.27,-0.0052,35573132.32,13906.28,20156.57,-0.3101,21598.96,-0.3562,41467.24,0.7003,54984.16,-0.2458,41686.71,-0.0053,2833.91,2772.92,0.022,2977.07,-0.0481,1009.67,1028.03,-0.0179,971.58,0.0392,83404.56,-0.29,84935.73,0.0072
2025-05-29,62020.94,59217.1,0.0473,55524.35,0.117,84735.73,85998.27,-0.0147,36016582.04,12435.96,13906.28,-0.1057,14219.14,-0.1254,44731.86,0.7212,41467.24,0.0787,37632.37,0.1887,3917.79,2833.91,0.3825,2690.44,0.4562,935.33,1009.67,-0.0736,982.4,-0.0479,75963.8,-0.1835,84626.36,0.0013
2025-05-30,113398.48,62020.94,0.8284,82761.67,0.3702,85691.15,85998.27,-0.0036,36827381.17,28730.81,12435.96,1.3103,20839.53,0.3787,80925.76,0.7136,44731.86,0.8091,58378.75,0.3862,2834.64,3917.79,-0.2765,2548.85,0.1121,907.26,935.33,-0.03,994.54,-0.0878,125783.77,-0.0985,85998.27,-0.0036
2025-05-31,97486.9,113398.48,-0.1403,69485.35,0.403,86071.66,85998.27,0.0009,37524412.51,27628.26,28730.81,-0.0384,15600.47,0.771,65721.93,0.6742,80925.76,-0.1879,49683.93,0.3228,3161.02,2834.64,0.1151,3119.04,0.0135,975.69,907.26,0.0754,1081.92,-0.0982,125783.77,-0.225,85998.27,0.0009
2025-06-01,164884.35,97486.9,0.6913,89488.82,0.8425,164884.35,86071.66,0.9157,38703335.61,81673.79,27628.26,1.9562,23966.18,2.4079,77886.4,0.4724,65721.93,0.1851,61589.95,0.2646,4269.73,3161.02,0.3507,2852.12,0.497,1054.43,975.69,0.0807,1080.57,-0.0242,218206.02,-0.2444,218206.02,-0.2444
2025-06-02,105458.66,164884.35,-0.3604,104028.15,0.0138,135171.51,86071.66,0.5705,39457365.03,34755.87,81673.79,-0.5745,29283.49,0.1869,62466.49,0.5923,77886.4,-0.198,70674.54,-0.1161,7242.76,4269.73,0.6963,3033.54,1.3876,993.54,1054.43,-0.0577,1036.58,-0.0415,122626.01,-0.14,170416.02,-0.2068
2025-06-03,88861.04,105458.66,-0.1574,78941.67,0.1257,119734.68,86071.66,0.3911,40092721.47,36920.45,34755.87,0.0623,20156.57,0.8317,46458.72,0.5228,62466.49,-0.2563,54984.16,-0.1551,4519.23,7242.76,-0.376,2772.92,0.6298,962.64,993.54,-0.0311,1028.03,-0.0636,93620.45,-0.0508,144817.49,-0.1732
2025-06-04,91262.13,88861.04,0.027,59217.1,0.5411,112616.55,86071.66,0.3084,40745245.7,31198.81,36920.45,-0.155,13906.28,1.2435,55549.14,0.6087,46458.72,0.1957,41467.24,0.3396,3580.27,4519.23,-0.2078,2833.91,0.2634,933.91,962.64,-0.0298,1009.67,-0.075,85565.16,0.0666,130004.41,-0.1337